id,firstname,lastname,email,email2,profession
100,Sindee,Engdahl,Sindee.Engdahl@yopmail.com,Sindee.Engdahl@gmail.com,doctor
101,Averyl,Huggins,Averyl.Huggins@yopmail.com,Averyl.Huggins@gmail.com,police officer
102,Augustine,Aloise,Augustine.Aloise@yopmail.com,Augustine.Aloise@gmail.com,firefighter
103,Letizia,Ethban,Letizia.Ethban@yopmail.com,Letizia.Ethban@gmail.com,worker
104,Ariela,Wenoa,Ariela.Wenoa@yopmail.com,Ariela.Wenoa@gmail.com,doctor
105,Laurene,Jacobah,Laurene.Jacobah@yopmail.com,Laurene.Jacobah@gmail.com,developer
106,Perry,Anis,Perry.Anis@yopmail.com,Perry.Anis@gmail.com,developer
107,Harmonia,Kalinda,Harmonia.Kalinda@yopmail.com,Harmonia.Kalinda@gmail.com,developer
108,Clarice,Bivins,Clarice.Bivins@yopmail.com,Clarice.Bivins@gmail.com,developer
109,Nita,Paine,Nita.Paine@yopmail.com,Nita.Paine@gmail.com,developer
110,Chastity,Jefferey,Chastity.Jefferey@yopmail.com,Chastity.Jefferey@gmail.com,developer
111,Xylina,Weinreb,Xylina.Weinreb@yopmail.com,Xylina.Weinreb@gmail.com,worker
112,Kaia,Duwalt,Kaia.Duwalt@yopmail.com,Kaia.Duwalt@gmail.com,developer
113,Lolita,Bartlett,Lolita.Bartlett@yopmail.com,Lolita.Bartlett@gmail.com,firefighter
114,Ruthe,Sherfield,Ruthe.Sherfield@yopmail.com,Ruthe.Sherfield@gmail.com,developer
115,Dorene,Charmine,Dorene.Charmine@yopmail.com,Dorene.Charmine@gmail.com,police officer
116,Korrie,Sheedy,Korrie.Sheedy@yopmail.com,Korrie.Sheedy@gmail.com,developer
117,Konstance,Merriott,Konstance.Merriott@yopmail.com,Konstance.Merriott@gmail.com,firefighter
118,Lesly,Bobbee,Lesly.Bobbee@yopmail.com,Lesly.Bobbee@gmail.com,developer
119,Theodora,Gombach,Theodora.Gombach@yopmail.com,Theodora.Gombach@gmail.com,firefighter
120,Raquela,Suanne,Raquela.Suanne@yopmail.com,Raquela.Suanne@gmail.com,worker
121,Alyssa,Aloise,Alyssa.Aloise@yopmail.com,Alyssa.Aloise@gmail.com,firefighter
122,Mamie,Levey,Mamie.Levey@yopmail.com,Mamie.Levey@gmail.com,developer
123,Marita,Kathie,Marita.Kathie@yopmail.com,Marita.Kathie@gmail.com,worker
124,Judy,Pernick,Judy.Pernick@yopmail.com,Judy.Pernick@gmail.com,police officer
125,Malina,Denis,Malina.Denis@yopmail.com,Malina.Denis@gmail.com,developer
126,Donnie,Newell,Donnie.Newell@yopmail.com,Donnie.Newell@gmail.com,worker
127,Imojean,Christine,Imojean.Christine@yopmail.com,Imojean.Christine@gmail.com,doctor
128,Jacenta,Tound,Jacenta.Tound@yopmail.com,Jacenta.Tound@gmail.com,firefighter
129,Maye,Bord,Maye.Bord@yopmail.com,Maye.Bord@gmail.com,doctor
130,Zsa Zsa,Rheingold,Zsa Zsa.Rheingold@yopmail.com,Zsa Zsa.Rheingold@gmail.com,doctor
131,Gerrie,Sheedy,Gerrie.Sheedy@yopmail.com,Gerrie.Sheedy@gmail.com,developer
132,Lynea,Callista,Lynea.Callista@yopmail.com,Lynea.Callista@gmail.com,worker
133,Dale,Reidar,Dale.Reidar@yopmail.com,Dale.Reidar@gmail.com,firefighter
134,Ann-Marie,Granoff,Ann-Marie.Granoff@yopmail.com,Ann-Marie.Granoff@gmail.com,firefighter
135,Ana,Hubert,Ana.Hubert@yopmail.com,Ana.Hubert@gmail.com,developer
136,Shaine,Morgun,Shaine.Morgun@yopmail.com,Shaine.Morgun@gmail.com,firefighter
137,Cherrita,Maribeth,Cherrita.Maribeth@yopmail.com,Cherrita.Maribeth@gmail.com,police officer
138,Benita,Malanie,Benita.Malanie@yopmail.com,Benita.Malanie@gmail.com,firefighter
139,Quintina,Bach,Quintina.Bach@yopmail.com,Quintina.Bach@gmail.com,firefighter
140,Shandie,Ogren,Shandie.Ogren@yopmail.com,Shandie.Ogren@gmail.com,worker
141,Damaris,Cavan,Damaris.Cavan@yopmail.com,Damaris.Cavan@gmail.com,doctor
142,Tiffie,Maxi,Tiffie.Maxi@yopmail.com,Tiffie.Maxi@gmail.com,worker
143,Cordi,Sholley,Cordi.Sholley@yopmail.com,Cordi.Sholley@gmail.com,police officer
144,Kathi,Karna,Kathi.Karna@yopmail.com,Kathi.Karna@gmail.com,police officer
145,Dale,Palocz,Dale.Palocz@yopmail.com,Dale.Palocz@gmail.com,developer
146,Consuela,Cassius,Consuela.Cassius@yopmail.com,Consuela.Cassius@gmail.com,police officer
147,Dawn,Howlyn,Dawn.Howlyn@yopmail.com,Dawn.Howlyn@gmail.com,firefighter
148,Bill,Isidore,Bill.Isidore@yopmail.com,Bill.Isidore@gmail.com,worker
149,Eolanda,Hourigan,Eolanda.Hourigan@yopmail.com,Eolanda.Hourigan@gmail.com,firefighter
150,Melisent,Barrus,Melisent.Barrus@yopmail.com,Melisent.Barrus@gmail.com,police officer
151,Dianemarie,Laverne,Dianemarie.Laverne@yopmail.com,Dianemarie.Laverne@gmail.com,police officer
152,Mariann,Merell,Mariann.Merell@yopmail.com,Mariann.Merell@gmail.com,developer
153,Kimberley,Joni,Kimberley.Joni@yopmail.com,Kimberley.Joni@gmail.com,doctor
154,Concettina,Desai,Concettina.Desai@yopmail.com,Concettina.Desai@gmail.com,doctor
155,Desirae,Lalitta,Desirae.Lalitta@yopmail.com,Desirae.Lalitta@gmail.com,worker
156,Mary,Anderea,Mary.Anderea@yopmail.com,Mary.Anderea@gmail.com,police officer
157,Tracey,Hilbert,Tracey.Hilbert@yopmail.com,Tracey.Hilbert@gmail.com,worker
158,Marline,Ellerey,Marline.Ellerey@yopmail.com,Marline.Ellerey@gmail.com,doctor
159,Cassondra,Uird,Cassondra.Uird@yopmail.com,Cassondra.Uird@gmail.com,worker
160,Minda,Lilas,Minda.Lilas@yopmail.com,Minda.Lilas@gmail.com,doctor
161,Harrietta,Orelee,Harrietta.Orelee@yopmail.com,Harrietta.Orelee@gmail.com,developer
162,Margette,Cadmar,Margette.Cadmar@yopmail.com,Margette.Cadmar@gmail.com,police officer
163,Rori,Goth,Rori.Goth@yopmail.com,Rori.Goth@gmail.com,police officer
164,Gilda,Nahum,Gilda.Nahum@yopmail.com,Gilda.Nahum@gmail.com,firefighter
165,Robinia,Cookie,Robinia.Cookie@yopmail.com,Robinia.Cookie@gmail.com,doctor
166,Abbie,Olnee,Abbie.Olnee@yopmail.com,Abbie.Olnee@gmail.com,developer
167,Dede,Lewes,Dede.Lewes@yopmail.com,Dede.Lewes@gmail.com,worker
168,Elie,Girardo,Elie.Girardo@yopmail.com,Elie.Girardo@gmail.com,firefighter
169,Johna,Brieta,Johna.Brieta@yopmail.com,Johna.Brieta@gmail.com,doctor
170,Laure,Lenny,Laure.Lenny@yopmail.com,Laure.Lenny@gmail.com,doctor
171,Lanna,Land,Lanna.Land@yopmail.com,Lanna.Land@gmail.com,police officer
172,Elyssa,Turne,Elyssa.Turne@yopmail.com,Elyssa.Turne@gmail.com,developer
173,Dione,Ioab,Dione.Ioab@yopmail.com,Dione.Ioab@gmail.com,police officer
174,Tarra,An,Tarra.An@yopmail.com,Tarra.An@gmail.com,police officer
175,Corry,Rad,Corry.Rad@yopmail.com,Corry.Rad@gmail.com,developer
176,Alex,Alfons,Alex.Alfons@yopmail.com,Alex.Alfons@gmail.com,doctor
177,Beverley,Cressida,Beverley.Cressida@yopmail.com,Beverley.Cressida@gmail.com,doctor
178,Lita,Corrine,Lita.Corrine@yopmail.com,Lita.Corrine@gmail.com,developer
179,Alex,Sallyann,Alex.Sallyann@yopmail.com,Alex.Sallyann@gmail.com,doctor
180,Winny,Drisko,Winny.Drisko@yopmail.com,Winny.Drisko@gmail.com,worker
181,Ermengarde,Billye,Ermengarde.Billye@yopmail.com,Ermengarde.Billye@gmail.com,firefighter
182,Ileana,Hailee,Ileana.Hailee@yopmail.com,Ileana.Hailee@gmail.com,police officer
183,Tina,Podvin,Tina.Podvin@yopmail.com,Tina.Podvin@gmail.com,worker
184,Penelopa,Hirsch,Penelopa.Hirsch@yopmail.com,Penelopa.Hirsch@gmail.com,doctor
185,Pamella,Noman,Pamella.Noman@yopmail.com,Pamella.Noman@gmail.com,developer
186,Alexine,Wind,Alexine.Wind@yopmail.com,Alexine.Wind@gmail.com,police officer
187,Lorenza,Chick,Lorenza.Chick@yopmail.com,Lorenza.Chick@gmail.com,doctor
188,Lila,Connelly,Lila.Connelly@yopmail.com,Lila.Connelly@gmail.com,firefighter
189,Elfreda,Tice,Elfreda.Tice@yopmail.com,Elfreda.Tice@gmail.com,doctor
190,Minda,Virgin,Minda.Virgin@yopmail.com,Minda.Virgin@gmail.com,police officer
191,Jackie,Huggins,Jackie.Huggins@yopmail.com,Jackie.Huggins@gmail.com,developer
192,Berget,Leary,Berget.Leary@yopmail.com,Berget.Leary@gmail.com,doctor
193,Margalo,Bandeen,Margalo.Bandeen@yopmail.com,Margalo.Bandeen@gmail.com,developer
194,Cacilie,McCutcheon,Cacilie.McCutcheon@yopmail.com,Cacilie.McCutcheon@gmail.com,doctor
195,Lynea,Philoo,Lynea.Philoo@yopmail.com,Lynea.Philoo@gmail.com,worker
196,Norine,Engdahl,Norine.Engdahl@yopmail.com,Norine.Engdahl@gmail.com,worker
197,Bernie,Burnside,Bernie.Burnside@yopmail.com,Bernie.Burnside@gmail.com,police officer
198,Doro,Autrey,Doro.Autrey@yopmail.com,Doro.Autrey@gmail.com,doctor
199,Lindie,Willie,Lindie.Willie@yopmail.com,Lindie.Willie@gmail.com,developer
200,Corene,Ciro,Corene.Ciro@yopmail.com,Corene.Ciro@gmail.com,worker
201,Chere,Maisey,Chere.Maisey@yopmail.com,Chere.Maisey@gmail.com,doctor
202,Johna,Arley,Johna.Arley@yopmail.com,Johna.Arley@gmail.com,firefighter
203,Consuela,Kronfeld,Consuela.Kronfeld@yopmail.com,Consuela.Kronfeld@gmail.com,doctor
204,Lita,Pettiford,Lita.Pettiford@yopmail.com,Lita.Pettiford@gmail.com,police officer
205,Ronna,Hanshaw,Ronna.Hanshaw@yopmail.com,Ronna.Hanshaw@gmail.com,worker
206,Nerta,Vacuva,Nerta.Vacuva@yopmail.com,Nerta.Vacuva@gmail.com,doctor
207,Clarice,Maroney,Clarice.Maroney@yopmail.com,Clarice.Maroney@gmail.com,firefighter
208,Dorice,Strephon,Dorice.Strephon@yopmail.com,Dorice.Strephon@gmail.com,doctor
209,Oralee,Elo,Oralee.Elo@yopmail.com,Oralee.Elo@gmail.com,firefighter
210,Marti,Freddi,Marti.Freddi@yopmail.com,Marti.Freddi@gmail.com,police officer
211,Sadie,Boehike,Sadie.Boehike@yopmail.com,Sadie.Boehike@gmail.com,developer
212,Brietta,Auberbach,Brietta.Auberbach@yopmail.com,Brietta.Auberbach@gmail.com,developer
213,Zia,Fontana,Zia.Fontana@yopmail.com,Zia.Fontana@gmail.com,doctor
214,Jordan,Anyah,Jordan.Anyah@yopmail.com,Jordan.Anyah@gmail.com,police officer
215,Mariann,Birdella,Mariann.Birdella@yopmail.com,Mariann.Birdella@gmail.com,worker
216,Beatriz,Wolfgram,Beatriz.Wolfgram@yopmail.com,Beatriz.Wolfgram@gmail.com,firefighter
217,Audrie,Johnsson,Audrie.Johnsson@yopmail.com,Audrie.Johnsson@gmail.com,police officer
218,Therine,Rillings,Therine.Rillings@yopmail.com,Therine.Rillings@gmail.com,doctor
219,Brena,Faro,Brena.Faro@yopmail.com,Brena.Faro@gmail.com,doctor
220,Leeanne,Bibi,Leeanne.Bibi@yopmail.com,Leeanne.Bibi@gmail.com,worker
221,Aubrie,Tiffa,Aubrie.Tiffa@yopmail.com,Aubrie.Tiffa@gmail.com,firefighter
222,Gale,Romelda,Gale.Romelda@yopmail.com,Gale.Romelda@gmail.com,police officer
223,Elfreda,Pulsifer,Elfreda.Pulsifer@yopmail.com,Elfreda.Pulsifer@gmail.com,firefighter
224,Anestassia,Gower,Anestassia.Gower@yopmail.com,Anestassia.Gower@gmail.com,developer
225,Delilah,Bollay,Delilah.Bollay@yopmail.com,Delilah.Bollay@gmail.com,doctor
226,Nerta,Francyne,Nerta.Francyne@yopmail.com,Nerta.Francyne@gmail.com,police officer
227,Lesly,Greenwald,Lesly.Greenwald@yopmail.com,Lesly.Greenwald@gmail.com,worker
228,Teddie,Amadas,Teddie.Amadas@yopmail.com,Teddie.Amadas@gmail.com,worker
229,Cassandra,Olnee,Cassandra.Olnee@yopmail.com,Cassandra.Olnee@gmail.com,doctor
230,Averyl,August,Averyl.August@yopmail.com,Averyl.August@gmail.com,police officer
231,Belinda,Hachmin,Belinda.Hachmin@yopmail.com,Belinda.Hachmin@gmail.com,doctor
232,Janenna,Beniamino,Janenna.Beniamino@yopmail.com,Janenna.Beniamino@gmail.com,doctor
233,Ingrid,Uird,Ingrid.Uird@yopmail.com,Ingrid.Uird@gmail.com,firefighter
234,Wileen,Dowski,Wileen.Dowski@yopmail.com,Wileen.Dowski@gmail.com,developer
235,Sonni,Bennie,Sonni.Bennie@yopmail.com,Sonni.Bennie@gmail.com,doctor
236,Teriann,Tristram,Teriann.Tristram@yopmail.com,Teriann.Tristram@gmail.com,worker
237,Nadine,Decato,Nadine.Decato@yopmail.com,Nadine.Decato@gmail.com,developer
238,Tabbatha,Howlyn,Tabbatha.Howlyn@yopmail.com,Tabbatha.Howlyn@gmail.com,doctor
239,Marguerite,Ashely,Marguerite.Ashely@yopmail.com,Marguerite.Ashely@gmail.com,worker
240,Devina,Nelsen,Devina.Nelsen@yopmail.com,Devina.Nelsen@gmail.com,developer
241,Eolanda,Mandler,Eolanda.Mandler@yopmail.com,Eolanda.Mandler@gmail.com,worker
242,Lizzie,Girardo,Lizzie.Girardo@yopmail.com,Lizzie.Girardo@gmail.com,doctor
243,Roberta,Jena,Roberta.Jena@yopmail.com,Roberta.Jena@gmail.com,worker
244,Emilia,Ashok,Emilia.Ashok@yopmail.com,Emilia.Ashok@gmail.com,doctor
245,Vanessa,Maisey,Vanessa.Maisey@yopmail.com,Vanessa.Maisey@gmail.com,firefighter
246,Trudie,Winthorpe,Trudie.Winthorpe@yopmail.com,Trudie.Winthorpe@gmail.com,police officer
247,Consuela,Gert,Consuela.Gert@yopmail.com,Consuela.Gert@gmail.com,worker
248,Raf,Standing,Raf.Standing@yopmail.com,Raf.Standing@gmail.com,worker
249,Celene,Clara,Celene.Clara@yopmail.com,Celene.Clara@gmail.com,firefighter
250,Marti,Swanhildas,Marti.Swanhildas@yopmail.com,Marti.Swanhildas@gmail.com,developer
251,Donetta,Kronfeld,Donetta.Kronfeld@yopmail.com,Donetta.Kronfeld@gmail.com,firefighter
252,Miquela,Francene,Miquela.Francene@yopmail.com,Miquela.Francene@gmail.com,doctor
253,Bobinette,Tremayne,Bobinette.Tremayne@yopmail.com,Bobinette.Tremayne@gmail.com,developer
254,Dawn,Seligman,Dawn.Seligman@yopmail.com,Dawn.Seligman@gmail.com,doctor
255,Robbi,Pascia,Robbi.Pascia@yopmail.com,Robbi.Pascia@gmail.com,developer
256,Teriann,Ailyn,Teriann.Ailyn@yopmail.com,Teriann.Ailyn@gmail.com,doctor
257,Marcy,Marlie,Marcy.Marlie@yopmail.com,Marcy.Marlie@gmail.com,police officer
258,Blinni,Gale,Blinni.Gale@yopmail.com,Blinni.Gale@gmail.com,developer
259,Darci,Bivins,Darci.Bivins@yopmail.com,Darci.Bivins@gmail.com,firefighter
260,Carree,Pulsifer,Carree.Pulsifer@yopmail.com,Carree.Pulsifer@gmail.com,firefighter
261,Valli,Belanger,Valli.Belanger@yopmail.com,Valli.Belanger@gmail.com,worker
262,Rayna,Eben,Rayna.Eben@yopmail.com,Rayna.Eben@gmail.com,firefighter
263,Bettine,Ariella,Bettine.Ariella@yopmail.com,Bettine.Ariella@gmail.com,developer
264,Arabel,Firmin,Arabel.Firmin@yopmail.com,Arabel.Firmin@gmail.com,worker
265,Marjie,Caitlin,Marjie.Caitlin@yopmail.com,Marjie.Caitlin@gmail.com,developer
266,Kelly,Tufts,Kelly.Tufts@yopmail.com,Kelly.Tufts@gmail.com,firefighter
267,Inga,Randene,Inga.Randene@yopmail.com,Inga.Randene@gmail.com,doctor
268,Shauna,August,Shauna.August@yopmail.com,Shauna.August@gmail.com,firefighter
269,Christal,Parette,Christal.Parette@yopmail.com,Christal.Parette@gmail.com,firefighter
270,Andeee,Darian,Andeee.Darian@yopmail.com,Andeee.Darian@gmail.com,doctor
271,Fanchon,Waite,Fanchon.Waite@yopmail.com,Fanchon.Waite@gmail.com,worker
272,Aili,Zetta,Aili.Zetta@yopmail.com,Aili.Zetta@gmail.com,doctor
273,Catrina,Kelula,Catrina.Kelula@yopmail.com,Catrina.Kelula@gmail.com,worker
274,Zia,Faust,Zia.Faust@yopmail.com,Zia.Faust@gmail.com,doctor
275,Flory,Rozanna,Flory.Rozanna@yopmail.com,Flory.Rozanna@gmail.com,doctor
276,Lulita,Lemuela,Lulita.Lemuela@yopmail.com,Lulita.Lemuela@gmail.com,worker
277,Sam,Cookie,Sam.Cookie@yopmail.com,Sam.Cookie@gmail.com,doctor
278,Averyl,Grayce,Averyl.Grayce@yopmail.com,Averyl.Grayce@gmail.com,firefighter
279,Catharine,Reneta,Catharine.Reneta@yopmail.com,Catharine.Reneta@gmail.com,firefighter
280,Jaclyn,Lynn,Jaclyn.Lynn@yopmail.com,Jaclyn.Lynn@gmail.com,police officer
281,Ilse,Adamsen,Ilse.Adamsen@yopmail.com,Ilse.Adamsen@gmail.com,doctor
282,Alie,Aida,Alie.Aida@yopmail.com,Alie.Aida@gmail.com,developer
283,Candi,Cimbura,Candi.Cimbura@yopmail.com,Candi.Cimbura@gmail.com,doctor
284,Elka,Fairweather,Elka.Fairweather@yopmail.com,Elka.Fairweather@gmail.com,firefighter
285,Nadine,Ephrem,Nadine.Ephrem@yopmail.com,Nadine.Ephrem@gmail.com,doctor
286,Aurelie,Lareena,Aurelie.Lareena@yopmail.com,Aurelie.Lareena@gmail.com,firefighter
287,Clo,Glenden,Clo.Glenden@yopmail.com,Clo.Glenden@gmail.com,police officer
288,Emilia,Helve,Emilia.Helve@yopmail.com,Emilia.Helve@gmail.com,firefighter
289,Gertrud,Dudley,Gertrud.Dudley@yopmail.com,Gertrud.Dudley@gmail.com,firefighter
290,Danny,Behre,Danny.Behre@yopmail.com,Danny.Behre@gmail.com,worker
291,Letizia,Bergman,Letizia.Bergman@yopmail.com,Letizia.Bergman@gmail.com,developer
292,Angela,Kendrick,Angela.Kendrick@yopmail.com,Angela.Kendrick@gmail.com,developer
293,Carolina,Honoria,Carolina.Honoria@yopmail.com,Carolina.Honoria@gmail.com,worker
294,Ezmeralda,Dom,Ezmeralda.Dom@yopmail.com,Ezmeralda.Dom@gmail.com,police officer
295,Albertina,Ammann,Albertina.Ammann@yopmail.com,Albertina.Ammann@gmail.com,developer
296,Nanete,Jenness,Nanete.Jenness@yopmail.com,Nanete.Jenness@gmail.com,doctor
297,Leontine,Heisel,Leontine.Heisel@yopmail.com,Leontine.Heisel@gmail.com,worker
298,Farrah,Jethro,Farrah.Jethro@yopmail.com,Farrah.Jethro@gmail.com,developer
299,Carmela,Merell,Carmela.Merell@yopmail.com,Carmela.Merell@gmail.com,firefighter
300,Susette,Wiener,Susette.Wiener@yopmail.com,Susette.Wiener@gmail.com,police officer
301,Jolyn,Flyn,Jolyn.Flyn@yopmail.com,Jolyn.Flyn@gmail.com,developer
302,Deirdre,Pierette,Deirdre.Pierette@yopmail.com,Deirdre.Pierette@gmail.com,doctor
303,Belva,Oriana,Belva.Oriana@yopmail.com,Belva.Oriana@gmail.com,police officer
304,Rebeca,Roumell,Rebeca.Roumell@yopmail.com,Rebeca.Roumell@gmail.com,worker
305,Andeee,Joni,Andeee.Joni@yopmail.com,Andeee.Joni@gmail.com,developer
306,Bobbi,Weinreb,Bobbi.Weinreb@yopmail.com,Bobbi.Weinreb@gmail.com,doctor
307,Kittie,Hebner,Kittie.Hebner@yopmail.com,Kittie.Hebner@gmail.com,worker
308,Dorice,Daegal,Dorice.Daegal@yopmail.com,Dorice.Daegal@gmail.com,firefighter
309,Britte,Lanita,Britte.Lanita@yopmail.com,Britte.Lanita@gmail.com,firefighter
310,Sashenka,Campball,Sashenka.Campball@yopmail.com,Sashenka.Campball@gmail.com,worker
311,Abbie,Guildroy,Abbie.Guildroy@yopmail.com,Abbie.Guildroy@gmail.com,developer
312,Lita,Luhe,Lita.Luhe@yopmail.com,Lita.Luhe@gmail.com,firefighter
313,Halette,Annabella,Halette.Annabella@yopmail.com,Halette.Annabella@gmail.com,worker
314,Christy,Kiersten,Christy.Kiersten@yopmail.com,Christy.Kiersten@gmail.com,police officer
315,Amalie,Madaih,Amalie.Madaih@yopmail.com,Amalie.Madaih@gmail.com,police officer
316,Carolina,Lail,Carolina.Lail@yopmail.com,Carolina.Lail@gmail.com,firefighter
317,Corina,Daniele,Corina.Daniele@yopmail.com,Corina.Daniele@gmail.com,doctor
318,Dari,Cadmar,Dari.Cadmar@yopmail.com,Dari.Cadmar@gmail.com,police officer
319,Roz,Uird,Roz.Uird@yopmail.com,Roz.Uird@gmail.com,doctor
320,Lucille,Mendez,Lucille.Mendez@yopmail.com,Lucille.Mendez@gmail.com,worker
321,Clementine,Hortensia,Clementine.Hortensia@yopmail.com,Clementine.Hortensia@gmail.com,police officer
322,Pierette,Pearse,Pierette.Pearse@yopmail.com,Pierette.Pearse@gmail.com,police officer
323,Shandie,Graig,Shandie.Graig@yopmail.com,Shandie.Graig@gmail.com,worker
324,Anallese,Kelula,Anallese.Kelula@yopmail.com,Anallese.Kelula@gmail.com,worker
325,Dione,Ophelia,Dione.Ophelia@yopmail.com,Dione.Ophelia@gmail.com,police officer
326,Noelle,Gaynor,Noelle.Gaynor@yopmail.com,Noelle.Gaynor@gmail.com,developer
327,Deane,McClimans,Deane.McClimans@yopmail.com,Deane.McClimans@gmail.com,firefighter
328,Valera,Cressida,Valera.Cressida@yopmail.com,Valera.Cressida@gmail.com,worker
329,Yvonne,Chesna,Yvonne.Chesna@yopmail.com,Yvonne.Chesna@gmail.com,firefighter
330,Cathyleen,Vivle,Cathyleen.Vivle@yopmail.com,Cathyleen.Vivle@gmail.com,firefighter
331,Trixi,Thunell,Trixi.Thunell@yopmail.com,Trixi.Thunell@gmail.com,firefighter
332,Giustina,Urania,Giustina.Urania@yopmail.com,Giustina.Urania@gmail.com,doctor
333,Hettie,Alfons,Hettie.Alfons@yopmail.com,Hettie.Alfons@gmail.com,doctor
334,Aili,Hamil,Aili.Hamil@yopmail.com,Aili.Hamil@gmail.com,police officer
335,Celene,Posner,Celene.Posner@yopmail.com,Celene.Posner@gmail.com,doctor
336,Jolyn,Beebe,Jolyn.Beebe@yopmail.com,Jolyn.Beebe@gmail.com,doctor
337,Maye,Quinn,Maye.Quinn@yopmail.com,Maye.Quinn@gmail.com,worker
338,Kirbee,Drisko,Kirbee.Drisko@yopmail.com,Kirbee.Drisko@gmail.com,police officer
339,Patricia,Danby,Patricia.Danby@yopmail.com,Patricia.Danby@gmail.com,developer
340,Lenna,Lay,Lenna.Lay@yopmail.com,Lenna.Lay@gmail.com,worker
341,Alameda,Rad,Alameda.Rad@yopmail.com,Alameda.Rad@gmail.com,developer
342,Courtnay,Sadowski,Courtnay.Sadowski@yopmail.com,Courtnay.Sadowski@gmail.com,police officer
343,Rayna,Therine,Rayna.Therine@yopmail.com,Rayna.Therine@gmail.com,firefighter
344,Kelly,Valoniah,Kelly.Valoniah@yopmail.com,Kelly.Valoniah@gmail.com,doctor
345,Addia,Zeeba,Addia.Zeeba@yopmail.com,Addia.Zeeba@gmail.com,police officer
346,Jeanna,Richers,Jeanna.Richers@yopmail.com,Jeanna.Richers@gmail.com,doctor
347,Brynna,Raychel,Brynna.Raychel@yopmail.com,Brynna.Raychel@gmail.com,firefighter
348,Darlleen,Klotz,Darlleen.Klotz@yopmail.com,Darlleen.Klotz@gmail.com,worker
349,Lucy,Hashim,Lucy.Hashim@yopmail.com,Lucy.Hashim@gmail.com,worker
350,Kimberley,Sacken,Kimberley.Sacken@yopmail.com,Kimberley.Sacken@gmail.com,police officer
351,Berta,Wareing,Berta.Wareing@yopmail.com,Berta.Wareing@gmail.com,worker
352,Lila,McCutcheon,Lila.McCutcheon@yopmail.com,Lila.McCutcheon@gmail.com,police officer
353,Damaris,Sadowski,Damaris.Sadowski@yopmail.com,Damaris.Sadowski@gmail.com,developer
354,Lulita,Fiann,Lulita.Fiann@yopmail.com,Lulita.Fiann@gmail.com,worker
355,Shell,Erskine,Shell.Erskine@yopmail.com,Shell.Erskine@gmail.com,firefighter
356,Heida,Stelle,Heida.Stelle@yopmail.com,Heida.Stelle@gmail.com,police officer
357,Joy,Anastatius,Joy.Anastatius@yopmail.com,Joy.Anastatius@gmail.com,firefighter
358,Aubrie,Latini,Aubrie.Latini@yopmail.com,Aubrie.Latini@gmail.com,worker
359,Ira,Tufts,Ira.Tufts@yopmail.com,Ira.Tufts@gmail.com,developer
360,Kenna,Chrystel,Kenna.Chrystel@yopmail.com,Kenna.Chrystel@gmail.com,police officer
361,Lanna,Chrystel,Lanna.Chrystel@yopmail.com,Lanna.Chrystel@gmail.com,firefighter
362,Larine,Gavrila,Larine.Gavrila@yopmail.com,Larine.Gavrila@gmail.com,police officer
363,Daphne,Marisa,Daphne.Marisa@yopmail.com,Daphne.Marisa@gmail.com,firefighter
364,Lesly,Solitta,Lesly.Solitta@yopmail.com,Lesly.Solitta@gmail.com,developer
365,Katleen,Prober,Katleen.Prober@yopmail.com,Katleen.Prober@gmail.com,firefighter
366,Jemie,Cloris,Jemie.Cloris@yopmail.com,Jemie.Cloris@gmail.com,police officer
367,Agnese,Auberbach,Agnese.Auberbach@yopmail.com,Agnese.Auberbach@gmail.com,doctor
368,Katharina,Ophelia,Katharina.Ophelia@yopmail.com,Katharina.Ophelia@gmail.com,doctor
369,Fred,Ariella,Fred.Ariella@yopmail.com,Fred.Ariella@gmail.com,firefighter
370,Lelah,Halla,Lelah.Halla@yopmail.com,Lelah.Halla@gmail.com,developer
371,Orsola,Stevy,Orsola.Stevy@yopmail.com,Orsola.Stevy@gmail.com,doctor
372,Gertrud,Tremayne,Gertrud.Tremayne@yopmail.com,Gertrud.Tremayne@gmail.com,firefighter
373,Angela,Friede,Angela.Friede@yopmail.com,Angela.Friede@gmail.com,police officer
374,Ariela,Noam,Ariela.Noam@yopmail.com,Ariela.Noam@gmail.com,firefighter
375,Hayley,Dituri,Hayley.Dituri@yopmail.com,Hayley.Dituri@gmail.com,police officer
376,Lusa,Orlene,Lusa.Orlene@yopmail.com,Lusa.Orlene@gmail.com,police officer
377,Courtnay,Schroth,Courtnay.Schroth@yopmail.com,Courtnay.Schroth@gmail.com,worker
378,Brandise,Keily,Brandise.Keily@yopmail.com,Brandise.Keily@gmail.com,doctor
379,Briney,Pandolfi,Briney.Pandolfi@yopmail.com,Briney.Pandolfi@gmail.com,worker
380,Gwyneth,Gaal,Gwyneth.Gaal@yopmail.com,Gwyneth.Gaal@gmail.com,developer
381,Jennica,Ludewig,Jennica.Ludewig@yopmail.com,Jennica.Ludewig@gmail.com,developer
382,Constance,Atcliffe,Constance.Atcliffe@yopmail.com,Constance.Atcliffe@gmail.com,firefighter
383,Consuela,Si,Consuela.Si@yopmail.com,Consuela.Si@gmail.com,developer
384,Elvira,Maryanne,Elvira.Maryanne@yopmail.com,Elvira.Maryanne@gmail.com,worker
385,Kial,Nadia,Kial.Nadia@yopmail.com,Kial.Nadia@gmail.com,worker
386,Janenna,Ophelia,Janenna.Ophelia@yopmail.com,Janenna.Ophelia@gmail.com,worker
387,Glenda,Rodmann,Glenda.Rodmann@yopmail.com,Glenda.Rodmann@gmail.com,developer
388,Lorie,Juan,Lorie.Juan@yopmail.com,Lorie.Juan@gmail.com,police officer
389,Madeleine,Ariella,Madeleine.Ariella@yopmail.com,Madeleine.Ariella@gmail.com,doctor
390,Steffane,Baptlsta,Steffane.Baptlsta@yopmail.com,Steffane.Baptlsta@gmail.com,worker
391,Pierette,Emmy,Pierette.Emmy@yopmail.com,Pierette.Emmy@gmail.com,developer
392,Zsa Zsa,Standing,Zsa Zsa.Standing@yopmail.com,Zsa Zsa.Standing@gmail.com,worker
393,Emma,Santoro,Emma.Santoro@yopmail.com,Emma.Santoro@gmail.com,doctor
394,Beth,Aloise,Beth.Aloise@yopmail.com,Beth.Aloise@gmail.com,developer
395,Fanny,Clywd,Fanny.Clywd@yopmail.com,Fanny.Clywd@gmail.com,worker
396,Yolane,Tybald,Yolane.Tybald@yopmail.com,Yolane.Tybald@gmail.com,developer
397,Hettie,Jotham,Hettie.Jotham@yopmail.com,Hettie.Jotham@gmail.com,firefighter
398,Gisela,Zina,Gisela.Zina@yopmail.com,Gisela.Zina@gmail.com,worker
399,Cissiee,Craggie,Cissiee.Craggie@yopmail.com,Cissiee.Craggie@gmail.com,police officer
400,Raf,Emmaline,Raf.Emmaline@yopmail.com,Raf.Emmaline@gmail.com,doctor
401,Glenda,Belldas,Glenda.Belldas@yopmail.com,Glenda.Belldas@gmail.com,firefighter
402,Jemie,Sholley,Jemie.Sholley@yopmail.com,Jemie.Sholley@gmail.com,worker
403,Millie,Nester,Millie.Nester@yopmail.com,Millie.Nester@gmail.com,police officer
404,Robinia,Sawtelle,Robinia.Sawtelle@yopmail.com,Robinia.Sawtelle@gmail.com,police officer
405,Tersina,Han,Tersina.Han@yopmail.com,Tersina.Han@gmail.com,worker
406,Danika,Durware,Danika.Durware@yopmail.com,Danika.Durware@gmail.com,developer
407,Mariele,Rubie,Mariele.Rubie@yopmail.com,Mariele.Rubie@gmail.com,police officer
408,Goldie,Skurnik,Goldie.Skurnik@yopmail.com,Goldie.Skurnik@gmail.com,doctor
409,Anthia,Braun,Anthia.Braun@yopmail.com,Anthia.Braun@gmail.com,worker
410,Pamella,Ventre,Pamella.Ventre@yopmail.com,Pamella.Ventre@gmail.com,firefighter
411,Vinita,Ophelia,Vinita.Ophelia@yopmail.com,Vinita.Ophelia@gmail.com,worker
412,Jinny,Raul,Jinny.Raul@yopmail.com,Jinny.Raul@gmail.com,police officer
413,Amii,Gaspard,Amii.Gaspard@yopmail.com,Amii.Gaspard@gmail.com,worker
414,Rosabelle,Howlyn,Rosabelle.Howlyn@yopmail.com,Rosabelle.Howlyn@gmail.com,developer
415,Bertine,Sherfield,Bertine.Sherfield@yopmail.com,Bertine.Sherfield@gmail.com,worker
416,Sadie,Ingra,Sadie.Ingra@yopmail.com,Sadie.Ingra@gmail.com,firefighter
417,Phylis,Faro,Phylis.Faro@yopmail.com,Phylis.Faro@gmail.com,firefighter
418,Elie,Rooney,Elie.Rooney@yopmail.com,Elie.Rooney@gmail.com,doctor
419,Heida,Orlene,Heida.Orlene@yopmail.com,Heida.Orlene@gmail.com,police officer
420,Demetris,Fax,Demetris.Fax@yopmail.com,Demetris.Fax@gmail.com,doctor
421,Krystle,Hanleigh,Krystle.Hanleigh@yopmail.com,Krystle.Hanleigh@gmail.com,worker
422,Alyssa,Alfons,Alyssa.Alfons@yopmail.com,Alyssa.Alfons@gmail.com,firefighter
423,Christal,Ethban,Christal.Ethban@yopmail.com,Christal.Ethban@gmail.com,worker
424,Lorenza,Chauncey,Lorenza.Chauncey@yopmail.com,Lorenza.Chauncey@gmail.com,worker
425,Imojean,Yusuk,Imojean.Yusuk@yopmail.com,Imojean.Yusuk@gmail.com,police officer
426,Beth,Weaks,Beth.Weaks@yopmail.com,Beth.Weaks@gmail.com,doctor
427,Rori,Tillford,Rori.Tillford@yopmail.com,Rori.Tillford@gmail.com,firefighter
428,Calla,Cleavland,Calla.Cleavland@yopmail.com,Calla.Cleavland@gmail.com,doctor
429,Leontine,Gower,Leontine.Gower@yopmail.com,Leontine.Gower@gmail.com,doctor
430,Fidelia,Rosalba,Fidelia.Rosalba@yopmail.com,Fidelia.Rosalba@gmail.com,developer
431,Nonnah,Martsen,Nonnah.Martsen@yopmail.com,Nonnah.Martsen@gmail.com,doctor
432,Candy,Chandler,Candy.Chandler@yopmail.com,Candy.Chandler@gmail.com,worker
433,Camile,Gibbeon,Camile.Gibbeon@yopmail.com,Camile.Gibbeon@gmail.com,firefighter
434,Stacey,Ax,Stacey.Ax@yopmail.com,Stacey.Ax@gmail.com,police officer
435,Angelique,Kimmie,Angelique.Kimmie@yopmail.com,Angelique.Kimmie@gmail.com,doctor
436,Sharai,Hachmin,Sharai.Hachmin@yopmail.com,Sharai.Hachmin@gmail.com,doctor
437,Anica,Ludewig,Anica.Ludewig@yopmail.com,Anica.Ludewig@gmail.com,worker
438,Cacilie,Brittani,Cacilie.Brittani@yopmail.com,Cacilie.Brittani@gmail.com,developer
439,Allyce,Medrek,Allyce.Medrek@yopmail.com,Allyce.Medrek@gmail.com,firefighter
440,Pollyanna,O'Carroll,Pollyanna.O'Carroll@yopmail.com,Pollyanna.O'Carroll@gmail.com,police officer
441,Alia,Nelsen,Alia.Nelsen@yopmail.com,Alia.Nelsen@gmail.com,doctor
442,Teriann,Berl,Teriann.Berl@yopmail.com,Teriann.Berl@gmail.com,doctor
443,Clementine,Santoro,Clementine.Santoro@yopmail.com,Clementine.Santoro@gmail.com,police officer
444,Cathyleen,Anyah,Cathyleen.Anyah@yopmail.com,Cathyleen.Anyah@gmail.com,doctor
445,Imojean,Warthman,Imojean.Warthman@yopmail.com,Imojean.Warthman@gmail.com,police officer
446,Helsa,Jacobah,Helsa.Jacobah@yopmail.com,Helsa.Jacobah@gmail.com,worker
447,Aubrie,Secrest,Aubrie.Secrest@yopmail.com,Aubrie.Secrest@gmail.com,worker
448,Ninnetta,Yorick,Ninnetta.Yorick@yopmail.com,Ninnetta.Yorick@gmail.com,developer
449,Kathi,Blisse,Kathi.Blisse@yopmail.com,Kathi.Blisse@gmail.com,police officer
450,Shandie,Burnside,Shandie.Burnside@yopmail.com,Shandie.Burnside@gmail.com,firefighter
451,Gilda,Nelsen,Gilda.Nelsen@yopmail.com,Gilda.Nelsen@gmail.com,firefighter
452,Alexine,Damarra,Alexine.Damarra@yopmail.com,Alexine.Damarra@gmail.com,developer
453,Mamie,Keily,Mamie.Keily@yopmail.com,Mamie.Keily@gmail.com,worker
454,Celisse,Vins,Celisse.Vins@yopmail.com,Celisse.Vins@gmail.com,doctor
455,Damaris,Clarissa,Damaris.Clarissa@yopmail.com,Damaris.Clarissa@gmail.com,firefighter
456,Tonia,Corabella,Tonia.Corabella@yopmail.com,Tonia.Corabella@gmail.com,police officer
457,Elfreda,Darian,Elfreda.Darian@yopmail.com,Elfreda.Darian@gmail.com,doctor
458,Roseline,Oriana,Roseline.Oriana@yopmail.com,Roseline.Oriana@gmail.com,police officer
459,Briney,Ledah,Briney.Ledah@yopmail.com,Briney.Ledah@gmail.com,police officer
460,Candi,Hutchison,Candi.Hutchison@yopmail.com,Candi.Hutchison@gmail.com,developer
461,Aaren,Nester,Aaren.Nester@yopmail.com,Aaren.Nester@gmail.com,developer
462,Ada,Levey,Ada.Levey@yopmail.com,Ada.Levey@gmail.com,worker
463,Aryn,Fitzsimmons,Aryn.Fitzsimmons@yopmail.com,Aryn.Fitzsimmons@gmail.com,developer
464,Giustina,Nerita,Giustina.Nerita@yopmail.com,Giustina.Nerita@gmail.com,developer
465,Perry,Ursulette,Perry.Ursulette@yopmail.com,Perry.Ursulette@gmail.com,police officer
466,Ninnetta,Colp,Ninnetta.Colp@yopmail.com,Ninnetta.Colp@gmail.com,doctor
467,Nananne,Solitta,Nananne.Solitta@yopmail.com,Nananne.Solitta@gmail.com,firefighter
468,Sara-Ann,Donell,Sara-Ann.Donell@yopmail.com,Sara-Ann.Donell@gmail.com,developer
469,Halette,Jillane,Halette.Jillane@yopmail.com,Halette.Jillane@gmail.com,doctor
470,Monika,Thornburg,Monika.Thornburg@yopmail.com,Monika.Thornburg@gmail.com,doctor
471,Zsa Zsa,Hepsibah,Zsa Zsa.Hepsibah@yopmail.com,Zsa Zsa.Hepsibah@gmail.com,worker
472,Nananne,Olympium,Nananne.Olympium@yopmail.com,Nananne.Olympium@gmail.com,developer
473,Charlena,Larochelle,Charlena.Larochelle@yopmail.com,Charlena.Larochelle@gmail.com,worker
474,Gale,Huggins,Gale.Huggins@yopmail.com,Gale.Huggins@gmail.com,developer
475,Alex,Ephrem,Alex.Ephrem@yopmail.com,Alex.Ephrem@gmail.com,developer
476,Maisey,Carey,Maisey.Carey@yopmail.com,Maisey.Carey@gmail.com,police officer
477,Frances,Greyson,Frances.Greyson@yopmail.com,Frances.Greyson@gmail.com,firefighter
478,Chrystel,Moseley,Chrystel.Moseley@yopmail.com,Chrystel.Moseley@gmail.com,worker
479,Evaleen,Evangelia,Evaleen.Evangelia@yopmail.com,Evaleen.Evangelia@gmail.com,developer
480,Concettina,Klotz,Concettina.Klotz@yopmail.com,Concettina.Klotz@gmail.com,police officer
481,Deane,Joachim,Deane.Joachim@yopmail.com,Deane.Joachim@gmail.com,worker
482,Arlina,Viddah,Arlina.Viddah@yopmail.com,Arlina.Viddah@gmail.com,doctor
483,Gusty,Bobbee,Gusty.Bobbee@yopmail.com,Gusty.Bobbee@gmail.com,worker
484,Carolina,Hoenack,Carolina.Hoenack@yopmail.com,Carolina.Hoenack@gmail.com,worker
485,Sissy,Baptlsta,Sissy.Baptlsta@yopmail.com,Sissy.Baptlsta@gmail.com,worker
486,Jerry,Peonir,Jerry.Peonir@yopmail.com,Jerry.Peonir@gmail.com,police officer
487,Dianemarie,Harned,Dianemarie.Harned@yopmail.com,Dianemarie.Harned@gmail.com,firefighter
488,Nerta,Morgun,Nerta.Morgun@yopmail.com,Nerta.Morgun@gmail.com,worker
489,Joeann,Sibyls,Joeann.Sibyls@yopmail.com,Joeann.Sibyls@gmail.com,developer
490,Rhea,Christine,Rhea.Christine@yopmail.com,Rhea.Christine@gmail.com,firefighter
491,Dorene,Harned,Dorene.Harned@yopmail.com,Dorene.Harned@gmail.com,police officer
492,Ericka,Seumas,Ericka.Seumas@yopmail.com,Ericka.Seumas@gmail.com,firefighter
493,Emilia,Terrence,Emilia.Terrence@yopmail.com,Emilia.Terrence@gmail.com,firefighter
494,Mureil,Egbert,Mureil.Egbert@yopmail.com,Mureil.Egbert@gmail.com,developer
495,Courtnay,Ball,Courtnay.Ball@yopmail.com,Courtnay.Ball@gmail.com,worker
496,Emelina,Maryanne,Emelina.Maryanne@yopmail.com,Emelina.Maryanne@gmail.com,developer
497,Nannie,Kelula,Nannie.Kelula@yopmail.com,Nannie.Kelula@gmail.com,firefighter
498,Louella,Gusella,Louella.Gusella@yopmail.com,Louella.Gusella@gmail.com,doctor
499,Tina,Eachern,Tina.Eachern@yopmail.com,Tina.Eachern@gmail.com,police officer
500,Ursulina,Llovera,Ursulina.Llovera@yopmail.com,Ursulina.Llovera@gmail.com,firefighter
501,Marcy,Whittaker,Marcy.Whittaker@yopmail.com,Marcy.Whittaker@gmail.com,worker
502,Ardys,Ietta,Ardys.Ietta@yopmail.com,Ardys.Ietta@gmail.com,worker
503,Leontine,Swigart,Leontine.Swigart@yopmail.com,Leontine.Swigart@gmail.com,worker
504,Layla,Wiener,Layla.Wiener@yopmail.com,Layla.Wiener@gmail.com,firefighter
505,Maisey,Shaver,Maisey.Shaver@yopmail.com,Maisey.Shaver@gmail.com,doctor
506,Gwenneth,Pattin,Gwenneth.Pattin@yopmail.com,Gwenneth.Pattin@gmail.com,developer
507,Emelina,Verger,Emelina.Verger@yopmail.com,Emelina.Verger@gmail.com,firefighter
508,Trixi,Billye,Trixi.Billye@yopmail.com,Trixi.Billye@gmail.com,police officer
509,Roslyn,Stephie,Roslyn.Stephie@yopmail.com,Roslyn.Stephie@gmail.com,doctor
510,Cyb,Cottle,Cyb.Cottle@yopmail.com,Cyb.Cottle@gmail.com,worker
511,Cacilie,Kylander,Cacilie.Kylander@yopmail.com,Cacilie.Kylander@gmail.com,worker
512,Quintina,Adalbert,Quintina.Adalbert@yopmail.com,Quintina.Adalbert@gmail.com,doctor
513,Willetta,Horan,Willetta.Horan@yopmail.com,Willetta.Horan@gmail.com,doctor
514,Brandise,Atcliffe,Brandise.Atcliffe@yopmail.com,Brandise.Atcliffe@gmail.com,doctor
515,Dania,Lay,Dania.Lay@yopmail.com,Dania.Lay@gmail.com,firefighter
516,Chandra,Susannah,Chandra.Susannah@yopmail.com,Chandra.Susannah@gmail.com,developer
517,Annabela,Jarib,Annabela.Jarib@yopmail.com,Annabela.Jarib@gmail.com,doctor
518,Drucie,Parette,Drucie.Parette@yopmail.com,Drucie.Parette@gmail.com,developer
519,Mahalia,Vernier,Mahalia.Vernier@yopmail.com,Mahalia.Vernier@gmail.com,doctor
520,Fanny,Gaynor,Fanny.Gaynor@yopmail.com,Fanny.Gaynor@gmail.com,doctor
521,Betta,Audly,Betta.Audly@yopmail.com,Betta.Audly@gmail.com,police officer
522,Shannah,Horan,Shannah.Horan@yopmail.com,Shannah.Horan@gmail.com,doctor
523,Rivalee,Margret,Rivalee.Margret@yopmail.com,Rivalee.Margret@gmail.com,developer
524,Lexine,Joeann,Lexine.Joeann@yopmail.com,Lexine.Joeann@gmail.com,worker
525,Joleen,Annice,Joleen.Annice@yopmail.com,Joleen.Annice@gmail.com,firefighter
526,Cacilie,Gerge,Cacilie.Gerge@yopmail.com,Cacilie.Gerge@gmail.com,firefighter
527,Aryn,Marsden,Aryn.Marsden@yopmail.com,Aryn.Marsden@gmail.com,developer
528,Maurene,Boehike,Maurene.Boehike@yopmail.com,Maurene.Boehike@gmail.com,firefighter
529,Janenna,Cutlerr,Janenna.Cutlerr@yopmail.com,Janenna.Cutlerr@gmail.com,worker
530,Tybie,Darrell,Tybie.Darrell@yopmail.com,Tybie.Darrell@gmail.com,firefighter
531,Trudie,Malanie,Trudie.Malanie@yopmail.com,Trudie.Malanie@gmail.com,police officer
532,Xylina,Henrie,Xylina.Henrie@yopmail.com,Xylina.Henrie@gmail.com,doctor
533,Marline,Oriana,Marline.Oriana@yopmail.com,Marline.Oriana@gmail.com,doctor
534,Heddie,Trinetta,Heddie.Trinetta@yopmail.com,Heddie.Trinetta@gmail.com,doctor
535,Mireielle,Erminia,Mireielle.Erminia@yopmail.com,Mireielle.Erminia@gmail.com,developer
536,Evita,Marden,Evita.Marden@yopmail.com,Evita.Marden@gmail.com,worker
537,Caressa,Elo,Caressa.Elo@yopmail.com,Caressa.Elo@gmail.com,police officer
538,Merry,Andrel,Merry.Andrel@yopmail.com,Merry.Andrel@gmail.com,developer
539,Violet,Christal,Violet.Christal@yopmail.com,Violet.Christal@gmail.com,worker
540,Shannah,Ciapas,Shannah.Ciapas@yopmail.com,Shannah.Ciapas@gmail.com,firefighter
541,Karina,Berard,Karina.Berard@yopmail.com,Karina.Berard@gmail.com,worker
542,Vonny,Masao,Vonny.Masao@yopmail.com,Vonny.Masao@gmail.com,worker
543,Justinn,Parsaye,Justinn.Parsaye@yopmail.com,Justinn.Parsaye@gmail.com,developer
544,Max,Dimitris,Max.Dimitris@yopmail.com,Max.Dimitris@gmail.com,doctor
545,Liana,Sheedy,Liana.Sheedy@yopmail.com,Liana.Sheedy@gmail.com,firefighter
546,Mariele,Oriana,Mariele.Oriana@yopmail.com,Mariele.Oriana@gmail.com,doctor
547,Krystle,Goth,Krystle.Goth@yopmail.com,Krystle.Goth@gmail.com,firefighter
548,Edith,Himelman,Edith.Himelman@yopmail.com,Edith.Himelman@gmail.com,doctor
549,Charmaine,Longfellow,Charmaine.Longfellow@yopmail.com,Charmaine.Longfellow@gmail.com,doctor
550,Hallie,Primalia,Hallie.Primalia@yopmail.com,Hallie.Primalia@gmail.com,doctor
551,Judy,Milson,Judy.Milson@yopmail.com,Judy.Milson@gmail.com,firefighter
552,Asia,Virgin,Asia.Virgin@yopmail.com,Asia.Virgin@gmail.com,doctor
553,Ardeen,Ambrosia,Ardeen.Ambrosia@yopmail.com,Ardeen.Ambrosia@gmail.com,doctor
554,Sharai,Primalia,Sharai.Primalia@yopmail.com,Sharai.Primalia@gmail.com,doctor
555,Danika,Agle,Danika.Agle@yopmail.com,Danika.Agle@gmail.com,doctor
556,Lily,Ivens,Lily.Ivens@yopmail.com,Lily.Ivens@gmail.com,developer
557,Grier,Camden,Grier.Camden@yopmail.com,Grier.Camden@gmail.com,police officer
558,Di,Jerald,Di.Jerald@yopmail.com,Di.Jerald@gmail.com,firefighter
559,Tracey,Wilona,Tracey.Wilona@yopmail.com,Tracey.Wilona@gmail.com,firefighter
560,Flo,Cookie,Flo.Cookie@yopmail.com,Flo.Cookie@gmail.com,police officer
561,Leeanne,Knowling,Leeanne.Knowling@yopmail.com,Leeanne.Knowling@gmail.com,developer
562,Deane,Hebner,Deane.Hebner@yopmail.com,Deane.Hebner@gmail.com,firefighter
563,Tina,Kenwood,Tina.Kenwood@yopmail.com,Tina.Kenwood@gmail.com,worker
564,Katleen,Thunell,Katleen.Thunell@yopmail.com,Katleen.Thunell@gmail.com,firefighter
565,Lyssa,Bord,Lyssa.Bord@yopmail.com,Lyssa.Bord@gmail.com,police officer
566,Cassandra,Abernon,Cassandra.Abernon@yopmail.com,Cassandra.Abernon@gmail.com,firefighter
567,Carmencita,Pettiford,Carmencita.Pettiford@yopmail.com,Carmencita.Pettiford@gmail.com,developer
568,Sonni,Tacye,Sonni.Tacye@yopmail.com,Sonni.Tacye@gmail.com,police officer
569,Tabbatha,Seumas,Tabbatha.Seumas@yopmail.com,Tabbatha.Seumas@gmail.com,doctor
570,Lucille,Velick,Lucille.Velick@yopmail.com,Lucille.Velick@gmail.com,worker
571,Thalia,Malvino,Thalia.Malvino@yopmail.com,Thalia.Malvino@gmail.com,developer
572,Kellen,Gino,Kellen.Gino@yopmail.com,Kellen.Gino@gmail.com,doctor
573,Tomasina,Rodmann,Tomasina.Rodmann@yopmail.com,Tomasina.Rodmann@gmail.com,firefighter
574,Dale,Urania,Dale.Urania@yopmail.com,Dale.Urania@gmail.com,developer
575,Ketti,Wadell,Ketti.Wadell@yopmail.com,Ketti.Wadell@gmail.com,police officer
576,Marylou,Sprage,Marylou.Sprage@yopmail.com,Marylou.Sprage@gmail.com,police officer
577,Audrie,Thornburg,Audrie.Thornburg@yopmail.com,Audrie.Thornburg@gmail.com,developer
578,Margalo,Brunell,Margalo.Brunell@yopmail.com,Margalo.Brunell@gmail.com,doctor
579,Aili,Dash,Aili.Dash@yopmail.com,Aili.Dash@gmail.com,worker
580,Vita,Raseda,Vita.Raseda@yopmail.com,Vita.Raseda@gmail.com,police officer
581,Lita,Faso,Lita.Faso@yopmail.com,Lita.Faso@gmail.com,worker
582,Clary,Cath,Clary.Cath@yopmail.com,Clary.Cath@gmail.com,developer
583,Dennie,Sibyls,Dennie.Sibyls@yopmail.com,Dennie.Sibyls@gmail.com,worker
584,Lorne,Teddman,Lorne.Teddman@yopmail.com,Lorne.Teddman@gmail.com,firefighter
585,Jacquetta,Cleo,Jacquetta.Cleo@yopmail.com,Jacquetta.Cleo@gmail.com,firefighter
586,Ariela,Cosenza,Ariela.Cosenza@yopmail.com,Ariela.Cosenza@gmail.com,worker
587,Donetta,Kevon,Donetta.Kevon@yopmail.com,Donetta.Kevon@gmail.com,worker
588,Shannah,Gabrielli,Shannah.Gabrielli@yopmail.com,Shannah.Gabrielli@gmail.com,doctor
589,Kathi,Agle,Kathi.Agle@yopmail.com,Kathi.Agle@gmail.com,doctor
590,Vinita,Candy,Vinita.Candy@yopmail.com,Vinita.Candy@gmail.com,firefighter
591,Ingrid,Birdella,Ingrid.Birdella@yopmail.com,Ingrid.Birdella@gmail.com,police officer
592,Larine,Bettine,Larine.Bettine@yopmail.com,Larine.Bettine@gmail.com,police officer
593,Diena,Solitta,Diena.Solitta@yopmail.com,Diena.Solitta@gmail.com,worker
594,Valli,Fosque,Valli.Fosque@yopmail.com,Valli.Fosque@gmail.com,firefighter
595,Merci,Candy,Merci.Candy@yopmail.com,Merci.Candy@gmail.com,doctor
596,Bernie,Huggins,Bernie.Huggins@yopmail.com,Bernie.Huggins@gmail.com,doctor
597,Tori,Philipp,Tori.Philipp@yopmail.com,Tori.Philipp@gmail.com,developer
598,Mariele,Joeann,Mariele.Joeann@yopmail.com,Mariele.Joeann@gmail.com,worker
599,Fernande,Brodench,Fernande.Brodench@yopmail.com,Fernande.Brodench@gmail.com,developer
600,Jaclyn,Albertine,Jaclyn.Albertine@yopmail.com,Jaclyn.Albertine@gmail.com,developer
601,Doralynne,Viddah,Doralynne.Viddah@yopmail.com,Doralynne.Viddah@gmail.com,police officer
602,Shirlee,Faso,Shirlee.Faso@yopmail.com,Shirlee.Faso@gmail.com,worker
603,Vivia,Mata,Vivia.Mata@yopmail.com,Vivia.Mata@gmail.com,developer
604,Vita,Ailyn,Vita.Ailyn@yopmail.com,Vita.Ailyn@gmail.com,developer
605,Bernardine,Dosia,Bernardine.Dosia@yopmail.com,Bernardine.Dosia@gmail.com,police officer
606,Sybille,Kosey,Sybille.Kosey@yopmail.com,Sybille.Kosey@gmail.com,worker
607,Myriam,Etom,Myriam.Etom@yopmail.com,Myriam.Etom@gmail.com,worker
608,Leontine,Wattenberg,Leontine.Wattenberg@yopmail.com,Leontine.Wattenberg@gmail.com,police officer
609,Lorie,Martsen,Lorie.Martsen@yopmail.com,Lorie.Martsen@gmail.com,police officer
610,Bill,Mendez,Bill.Mendez@yopmail.com,Bill.Mendez@gmail.com,developer
611,Constance,Redmond,Constance.Redmond@yopmail.com,Constance.Redmond@gmail.com,firefighter
612,Averyl,Bethany,Averyl.Bethany@yopmail.com,Averyl.Bethany@gmail.com,police officer
613,Kara-Lynn,Bertold,Kara-Lynn.Bertold@yopmail.com,Kara-Lynn.Bertold@gmail.com,firefighter
614,Cyndie,Alabaster,Cyndie.Alabaster@yopmail.com,Cyndie.Alabaster@gmail.com,worker
615,Anthia,Roxanna,Anthia.Roxanna@yopmail.com,Anthia.Roxanna@gmail.com,firefighter
616,Sindee,Ursulette,Sindee.Ursulette@yopmail.com,Sindee.Ursulette@gmail.com,doctor
617,Britte,Darbie,Britte.Darbie@yopmail.com,Britte.Darbie@gmail.com,doctor
618,Jillayne,Chinua,Jillayne.Chinua@yopmail.com,Jillayne.Chinua@gmail.com,doctor
619,Ginnie,Palocz,Ginnie.Palocz@yopmail.com,Ginnie.Palocz@gmail.com,firefighter
620,Elena,Pelagias,Elena.Pelagias@yopmail.com,Elena.Pelagias@gmail.com,developer
621,Damaris,Kelula,Damaris.Kelula@yopmail.com,Damaris.Kelula@gmail.com,firefighter
622,Violet,Fulmer,Violet.Fulmer@yopmail.com,Violet.Fulmer@gmail.com,worker
623,Cristabel,Pelagias,Cristabel.Pelagias@yopmail.com,Cristabel.Pelagias@gmail.com,worker
624,Gertrud,Raul,Gertrud.Raul@yopmail.com,Gertrud.Raul@gmail.com,developer
625,Kary,Lia,Kary.Lia@yopmail.com,Kary.Lia@gmail.com,developer
626,Kary,Wyn,Kary.Wyn@yopmail.com,Kary.Wyn@gmail.com,police officer
627,Selma,Elo,Selma.Elo@yopmail.com,Selma.Elo@gmail.com,firefighter
628,Kerrin,Phaidra,Kerrin.Phaidra@yopmail.com,Kerrin.Phaidra@gmail.com,doctor
629,Roz,Dituri,Roz.Dituri@yopmail.com,Roz.Dituri@gmail.com,firefighter
630,Lilith,Garrison,Lilith.Garrison@yopmail.com,Lilith.Garrison@gmail.com,worker
631,Clarice,Malina,Clarice.Malina@yopmail.com,Clarice.Malina@gmail.com,doctor
632,Gerrie,Johanna,Gerrie.Johanna@yopmail.com,Gerrie.Johanna@gmail.com,firefighter
633,Dale,Ummersen,Dale.Ummersen@yopmail.com,Dale.Ummersen@gmail.com,police officer
634,Rozele,Palocz,Rozele.Palocz@yopmail.com,Rozele.Palocz@gmail.com,doctor
635,Jere,Stuart,Jere.Stuart@yopmail.com,Jere.Stuart@gmail.com,firefighter
636,Genovera,Chrystel,Genovera.Chrystel@yopmail.com,Genovera.Chrystel@gmail.com,firefighter
637,Vivia,Firmin,Vivia.Firmin@yopmail.com,Vivia.Firmin@gmail.com,police officer
638,Georgetta,Beniamino,Georgetta.Beniamino@yopmail.com,Georgetta.Beniamino@gmail.com,doctor
639,Amelia,Casimir,Amelia.Casimir@yopmail.com,Amelia.Casimir@gmail.com,worker
640,Agathe,Cath,Agathe.Cath@yopmail.com,Agathe.Cath@gmail.com,doctor
641,Inga,Audly,Inga.Audly@yopmail.com,Inga.Audly@gmail.com,doctor
642,Merci,Frodi,Merci.Frodi@yopmail.com,Merci.Frodi@gmail.com,doctor
643,Morganica,Lorenz,Morganica.Lorenz@yopmail.com,Morganica.Lorenz@gmail.com,worker
644,Cacilie,Bach,Cacilie.Bach@yopmail.com,Cacilie.Bach@gmail.com,worker
645,Rozele,Audly,Rozele.Audly@yopmail.com,Rozele.Audly@gmail.com,doctor
646,Monika,Caitlin,Monika.Caitlin@yopmail.com,Monika.Caitlin@gmail.com,police officer
647,Briney,Khorma,Briney.Khorma@yopmail.com,Briney.Khorma@gmail.com,police officer
648,Laurene,Stoller,Laurene.Stoller@yopmail.com,Laurene.Stoller@gmail.com,developer
649,Roberta,Adrienne,Roberta.Adrienne@yopmail.com,Roberta.Adrienne@gmail.com,police officer
650,Steffane,Kermit,Steffane.Kermit@yopmail.com,Steffane.Kermit@gmail.com,doctor
651,Ursulina,Stefa,Ursulina.Stefa@yopmail.com,Ursulina.Stefa@gmail.com,firefighter
652,Deane,Zitvaa,Deane.Zitvaa@yopmail.com,Deane.Zitvaa@gmail.com,police officer
653,Ardeen,Cherianne,Ardeen.Cherianne@yopmail.com,Ardeen.Cherianne@gmail.com,worker
654,Cristine,Hirsch,Cristine.Hirsch@yopmail.com,Cristine.Hirsch@gmail.com,worker
655,Gisela,Dorcy,Gisela.Dorcy@yopmail.com,Gisela.Dorcy@gmail.com,police officer
656,Cyb,Hewitt,Cyb.Hewitt@yopmail.com,Cyb.Hewitt@gmail.com,police officer
657,Carilyn,Etom,Carilyn.Etom@yopmail.com,Carilyn.Etom@gmail.com,developer
658,Deane,Ciro,Deane.Ciro@yopmail.com,Deane.Ciro@gmail.com,doctor
659,Merrie,Arquit,Merrie.Arquit@yopmail.com,Merrie.Arquit@gmail.com,doctor
660,Millie,Wesle,Millie.Wesle@yopmail.com,Millie.Wesle@gmail.com,doctor
661,Sallie,Karl,Sallie.Karl@yopmail.com,Sallie.Karl@gmail.com,firefighter
662,Dorice,Stoller,Dorice.Stoller@yopmail.com,Dorice.Stoller@gmail.com,worker
663,Celisse,Nahum,Celisse.Nahum@yopmail.com,Celisse.Nahum@gmail.com,developer
664,Therine,Claudine,Therine.Claudine@yopmail.com,Therine.Claudine@gmail.com,doctor
665,Dennie,Sancho,Dennie.Sancho@yopmail.com,Dennie.Sancho@gmail.com,police officer
666,Joeann,Fillbert,Joeann.Fillbert@yopmail.com,Joeann.Fillbert@gmail.com,firefighter
667,Phylis,Brunell,Phylis.Brunell@yopmail.com,Phylis.Brunell@gmail.com,doctor
668,Rani,Phaidra,Rani.Phaidra@yopmail.com,Rani.Phaidra@gmail.com,doctor
669,Kaja,Kannry,Kaja.Kannry@yopmail.com,Kaja.Kannry@gmail.com,worker
670,Flo,Dowski,Flo.Dowski@yopmail.com,Flo.Dowski@gmail.com,firefighter
671,Karena,Ader,Karena.Ader@yopmail.com,Karena.Ader@gmail.com,developer
672,Florencia,Blake,Florencia.Blake@yopmail.com,Florencia.Blake@gmail.com,firefighter
673,Noelle,Arley,Noelle.Arley@yopmail.com,Noelle.Arley@gmail.com,firefighter
674,Giustina,Kauppi,Giustina.Kauppi@yopmail.com,Giustina.Kauppi@gmail.com,doctor
675,Tressa,Aprile,Tressa.Aprile@yopmail.com,Tressa.Aprile@gmail.com,firefighter
676,Kore,Obed,Kore.Obed@yopmail.com,Kore.Obed@gmail.com,developer
677,Glynnis,Mata,Glynnis.Mata@yopmail.com,Glynnis.Mata@gmail.com,police officer
678,Benita,Hubert,Benita.Hubert@yopmail.com,Benita.Hubert@gmail.com,firefighter
679,Renae,Raul,Renae.Raul@yopmail.com,Renae.Raul@gmail.com,firefighter
680,Priscilla,Norrie,Priscilla.Norrie@yopmail.com,Priscilla.Norrie@gmail.com,doctor
681,Hildegaard,Nisbet,Hildegaard.Nisbet@yopmail.com,Hildegaard.Nisbet@gmail.com,developer
682,Dulcinea,Yuille,Dulcinea.Yuille@yopmail.com,Dulcinea.Yuille@gmail.com,firefighter
683,Gratia,Schalles,Gratia.Schalles@yopmail.com,Gratia.Schalles@gmail.com,police officer
684,Belinda,McGrody,Belinda.McGrody@yopmail.com,Belinda.McGrody@gmail.com,firefighter
685,Celisse,Frodi,Celisse.Frodi@yopmail.com,Celisse.Frodi@gmail.com,police officer
686,Chastity,Amethist,Chastity.Amethist@yopmail.com,Chastity.Amethist@gmail.com,firefighter
687,Dione,Hoban,Dione.Hoban@yopmail.com,Dione.Hoban@gmail.com,developer
688,Rayna,Stover,Rayna.Stover@yopmail.com,Rayna.Stover@gmail.com,developer
689,Norine,Brodench,Norine.Brodench@yopmail.com,Norine.Brodench@gmail.com,police officer
690,Pollyanna,Fleeta,Pollyanna.Fleeta@yopmail.com,Pollyanna.Fleeta@gmail.com,worker
691,Gwenneth,Cornelia,Gwenneth.Cornelia@yopmail.com,Gwenneth.Cornelia@gmail.com,firefighter
692,Dawn,Hillel,Dawn.Hillel@yopmail.com,Dawn.Hillel@gmail.com,worker
693,Tilly,Letsou,Tilly.Letsou@yopmail.com,Tilly.Letsou@gmail.com,worker
694,Fawne,Birdella,Fawne.Birdella@yopmail.com,Fawne.Birdella@gmail.com,worker
695,Raf,Neils,Raf.Neils@yopmail.com,Raf.Neils@gmail.com,developer
696,Camile,Zitvaa,Camile.Zitvaa@yopmail.com,Camile.Zitvaa@gmail.com,doctor
697,Kylynn,Tice,Kylynn.Tice@yopmail.com,Kylynn.Tice@gmail.com,worker
698,Antonietta,Erminia,Antonietta.Erminia@yopmail.com,Antonietta.Erminia@gmail.com,worker
699,Antonietta,Baudin,Antonietta.Baudin@yopmail.com,Antonietta.Baudin@gmail.com,doctor
700,Corry,Brenn,Corry.Brenn@yopmail.com,Corry.Brenn@gmail.com,firefighter
701,Theodora,Yerkovich,Theodora.Yerkovich@yopmail.com,Theodora.Yerkovich@gmail.com,developer
702,Sadie,Katrine,Sadie.Katrine@yopmail.com,Sadie.Katrine@gmail.com,worker
703,Flory,Land,Flory.Land@yopmail.com,Flory.Land@gmail.com,worker
704,Codie,Zamora,Codie.Zamora@yopmail.com,Codie.Zamora@gmail.com,firefighter
705,Kerrin,Simmonds,Kerrin.Simmonds@yopmail.com,Kerrin.Simmonds@gmail.com,worker
706,Myriam,Destinee,Myriam.Destinee@yopmail.com,Myriam.Destinee@gmail.com,firefighter
707,Belva,Ramona,Belva.Ramona@yopmail.com,Belva.Ramona@gmail.com,worker
708,Cyndie,Liebermann,Cyndie.Liebermann@yopmail.com,Cyndie.Liebermann@gmail.com,developer
709,Moyna,Wittie,Moyna.Wittie@yopmail.com,Moyna.Wittie@gmail.com,worker
710,Aryn,Dermott,Aryn.Dermott@yopmail.com,Aryn.Dermott@gmail.com,firefighter
711,Livvyy,Lareena,Livvyy.Lareena@yopmail.com,Livvyy.Lareena@gmail.com,police officer
712,Morganica,Berard,Morganica.Berard@yopmail.com,Morganica.Berard@gmail.com,doctor
713,Evita,Madelene,Evita.Madelene@yopmail.com,Evita.Madelene@gmail.com,doctor
714,Kylynn,Sawtelle,Kylynn.Sawtelle@yopmail.com,Kylynn.Sawtelle@gmail.com,developer
715,Edee,Tamsky,Edee.Tamsky@yopmail.com,Edee.Tamsky@gmail.com,police officer
716,Gretal,Grayce,Gretal.Grayce@yopmail.com,Gretal.Grayce@gmail.com,police officer
717,Lorenza,Susannah,Lorenza.Susannah@yopmail.com,Lorenza.Susannah@gmail.com,firefighter
718,Tybie,Tice,Tybie.Tice@yopmail.com,Tybie.Tice@gmail.com,firefighter
719,Ingrid,Atcliffe,Ingrid.Atcliffe@yopmail.com,Ingrid.Atcliffe@gmail.com,doctor
720,Rosene,Socha,Rosene.Socha@yopmail.com,Rosene.Socha@gmail.com,doctor
721,Nonnah,Concha,Nonnah.Concha@yopmail.com,Nonnah.Concha@gmail.com,worker
722,Priscilla,Loring,Priscilla.Loring@yopmail.com,Priscilla.Loring@gmail.com,developer
723,Letizia,Mike,Letizia.Mike@yopmail.com,Letizia.Mike@gmail.com,doctor
724,Ashlee,Hebner,Ashlee.Hebner@yopmail.com,Ashlee.Hebner@gmail.com,firefighter
725,Rozele,Jerald,Rozele.Jerald@yopmail.com,Rozele.Jerald@gmail.com,firefighter
726,Pamella,Brunell,Pamella.Brunell@yopmail.com,Pamella.Brunell@gmail.com,firefighter
727,Loree,Faria,Loree.Faria@yopmail.com,Loree.Faria@gmail.com,police officer
728,Roseline,Gusella,Roseline.Gusella@yopmail.com,Roseline.Gusella@gmail.com,developer
729,Kirbee,Bibi,Kirbee.Bibi@yopmail.com,Kirbee.Bibi@gmail.com,firefighter
730,Heida,Tiffa,Heida.Tiffa@yopmail.com,Heida.Tiffa@gmail.com,doctor
731,Imojean,Hermes,Imojean.Hermes@yopmail.com,Imojean.Hermes@gmail.com,developer
732,Valera,Middleton,Valera.Middleton@yopmail.com,Valera.Middleton@gmail.com,developer
733,Tori,Wilkinson,Tori.Wilkinson@yopmail.com,Tori.Wilkinson@gmail.com,police officer
734,Oralee,Berriman,Oralee.Berriman@yopmail.com,Oralee.Berriman@gmail.com,worker
735,Jackie,Karl,Jackie.Karl@yopmail.com,Jackie.Karl@gmail.com,doctor
736,Juliane,Nester,Juliane.Nester@yopmail.com,Juliane.Nester@gmail.com,developer
737,Odessa,Chesna,Odessa.Chesna@yopmail.com,Odessa.Chesna@gmail.com,police officer
738,Ardeen,Tice,Ardeen.Tice@yopmail.com,Ardeen.Tice@gmail.com,developer
739,Imojean,Lauraine,Imojean.Lauraine@yopmail.com,Imojean.Lauraine@gmail.com,police officer
740,Valeda,Modie,Valeda.Modie@yopmail.com,Valeda.Modie@gmail.com,developer
741,Randa,Weitman,Randa.Weitman@yopmail.com,Randa.Weitman@gmail.com,firefighter
742,Giustina,Dielu,Giustina.Dielu@yopmail.com,Giustina.Dielu@gmail.com,police officer
743,Marinna,Suanne,Marinna.Suanne@yopmail.com,Marinna.Suanne@gmail.com,doctor
744,Calla,Eben,Calla.Eben@yopmail.com,Calla.Eben@gmail.com,firefighter
745,Corina,Yoko,Corina.Yoko@yopmail.com,Corina.Yoko@gmail.com,worker
746,Carree,Rozanna,Carree.Rozanna@yopmail.com,Carree.Rozanna@gmail.com,police officer
747,Ardys,Barney,Ardys.Barney@yopmail.com,Ardys.Barney@gmail.com,police officer
748,Malina,Rona,Malina.Rona@yopmail.com,Malina.Rona@gmail.com,police officer
749,Hannis,Hailee,Hannis.Hailee@yopmail.com,Hannis.Hailee@gmail.com,worker
750,Tani,Sisile,Tani.Sisile@yopmail.com,Tani.Sisile@gmail.com,doctor
751,Deloria,Warthman,Deloria.Warthman@yopmail.com,Deloria.Warthman@gmail.com,worker
752,Ezmeralda,Horan,Ezmeralda.Horan@yopmail.com,Ezmeralda.Horan@gmail.com,firefighter
753,Cindelyn,Drisko,Cindelyn.Drisko@yopmail.com,Cindelyn.Drisko@gmail.com,police officer
754,Stephanie,Carbo,Stephanie.Carbo@yopmail.com,Stephanie.Carbo@gmail.com,worker
755,Willetta,Tremayne,Willetta.Tremayne@yopmail.com,Willetta.Tremayne@gmail.com,worker
756,Harrietta,Marcellus,Harrietta.Marcellus@yopmail.com,Harrietta.Marcellus@gmail.com,worker
757,Zaria,Saint,Zaria.Saint@yopmail.com,Zaria.Saint@gmail.com,police officer
758,Konstance,Nikaniki,Konstance.Nikaniki@yopmail.com,Konstance.Nikaniki@gmail.com,doctor
759,Rebeca,Revkah,Rebeca.Revkah@yopmail.com,Rebeca.Revkah@gmail.com,firefighter
760,Farrah,Hutchison,Farrah.Hutchison@yopmail.com,Farrah.Hutchison@gmail.com,doctor
761,Chloris,Magdalen,Chloris.Magdalen@yopmail.com,Chloris.Magdalen@gmail.com,police officer
762,Danika,Kenney,Danika.Kenney@yopmail.com,Danika.Kenney@gmail.com,police officer
763,Vivia,Gaal,Vivia.Gaal@yopmail.com,Vivia.Gaal@gmail.com,developer
764,Myrtice,Noam,Myrtice.Noam@yopmail.com,Myrtice.Noam@gmail.com,developer
765,Cassondra,Joni,Cassondra.Joni@yopmail.com,Cassondra.Joni@gmail.com,police officer
766,Antonietta,Capello,Antonietta.Capello@yopmail.com,Antonietta.Capello@gmail.com,developer
767,Tera,Nester,Tera.Nester@yopmail.com,Tera.Nester@gmail.com,doctor
768,Merle,Rese,Merle.Rese@yopmail.com,Merle.Rese@gmail.com,firefighter
769,Xylina,Eliathas,Xylina.Eliathas@yopmail.com,Xylina.Eliathas@gmail.com,doctor
770,Elie,Monk,Elie.Monk@yopmail.com,Elie.Monk@gmail.com,police officer
771,Heida,Ogren,Heida.Ogren@yopmail.com,Heida.Ogren@gmail.com,doctor
772,Karina,Serilda,Karina.Serilda@yopmail.com,Karina.Serilda@gmail.com,firefighter
773,Nananne,Rugen,Nananne.Rugen@yopmail.com,Nananne.Rugen@gmail.com,firefighter
774,Dione,Belldas,Dione.Belldas@yopmail.com,Dione.Belldas@gmail.com,worker
775,Fidelia,Tomasina,Fidelia.Tomasina@yopmail.com,Fidelia.Tomasina@gmail.com,firefighter
776,Nariko,Durante,Nariko.Durante@yopmail.com,Nariko.Durante@gmail.com,police officer
777,Quintina,Simmonds,Quintina.Simmonds@yopmail.com,Quintina.Simmonds@gmail.com,worker
778,Moyna,Codding,Moyna.Codding@yopmail.com,Moyna.Codding@gmail.com,doctor
779,Ninnetta,Bebe,Ninnetta.Bebe@yopmail.com,Ninnetta.Bebe@gmail.com,firefighter
780,Elmira,Bandeen,Elmira.Bandeen@yopmail.com,Elmira.Bandeen@gmail.com,doctor
781,Aubrie,Amand,Aubrie.Amand@yopmail.com,Aubrie.Amand@gmail.com,developer
782,Carmencita,Alrich,Carmencita.Alrich@yopmail.com,Carmencita.Alrich@gmail.com,developer
783,Laure,Vivle,Laure.Vivle@yopmail.com,Laure.Vivle@gmail.com,developer
784,Leeanne,Bollay,Leeanne.Bollay@yopmail.com,Leeanne.Bollay@gmail.com,firefighter
785,Vita,Viddah,Vita.Viddah@yopmail.com,Vita.Viddah@gmail.com,firefighter
786,Imojean,Fairweather,Imojean.Fairweather@yopmail.com,Imojean.Fairweather@gmail.com,firefighter
787,Viki,Fulmer,Viki.Fulmer@yopmail.com,Viki.Fulmer@gmail.com,firefighter
788,Jaclyn,Pyle,Jaclyn.Pyle@yopmail.com,Jaclyn.Pyle@gmail.com,doctor
789,Deedee,Weide,Deedee.Weide@yopmail.com,Deedee.Weide@gmail.com,developer
790,Roslyn,Hutchison,Roslyn.Hutchison@yopmail.com,Roslyn.Hutchison@gmail.com,developer
791,Lanae,Tengdin,Lanae.Tengdin@yopmail.com,Lanae.Tengdin@gmail.com,doctor
792,Leanna,Morgun,Leanna.Morgun@yopmail.com,Leanna.Morgun@gmail.com,police officer
793,Gloria,Hailee,Gloria.Hailee@yopmail.com,Gloria.Hailee@gmail.com,police officer
794,Brietta,Faust,Brietta.Faust@yopmail.com,Brietta.Faust@gmail.com,worker
795,Jackie,Wind,Jackie.Wind@yopmail.com,Jackie.Wind@gmail.com,police officer
796,Sherrie,Pascia,Sherrie.Pascia@yopmail.com,Sherrie.Pascia@gmail.com,firefighter
797,Oona,Santoro,Oona.Santoro@yopmail.com,Oona.Santoro@gmail.com,firefighter
798,Sibella,Nedrud,Sibella.Nedrud@yopmail.com,Sibella.Nedrud@gmail.com,doctor
799,Regina,Grobe,Regina.Grobe@yopmail.com,Regina.Grobe@gmail.com,police officer
800,Basia,Bennie,Basia.Bennie@yopmail.com,Basia.Bennie@gmail.com,doctor
801,Gabriellia,Brian,Gabriellia.Brian@yopmail.com,Gabriellia.Brian@gmail.com,worker
802,Dennie,Howlyn,Dennie.Howlyn@yopmail.com,Dennie.Howlyn@gmail.com,doctor
803,Evita,Firmin,Evita.Firmin@yopmail.com,Evita.Firmin@gmail.com,firefighter
804,Yolane,Krystle,Yolane.Krystle@yopmail.com,Yolane.Krystle@gmail.com,worker
805,Nariko,Lasley,Nariko.Lasley@yopmail.com,Nariko.Lasley@gmail.com,developer
806,Fernande,Darian,Fernande.Darian@yopmail.com,Fernande.Darian@gmail.com,firefighter
807,Shaine,Codding,Shaine.Codding@yopmail.com,Shaine.Codding@gmail.com,doctor
808,Camile,Radu,Camile.Radu@yopmail.com,Camile.Radu@gmail.com,doctor
809,Gertrud,Frendel,Gertrud.Frendel@yopmail.com,Gertrud.Frendel@gmail.com,firefighter
810,Chrystel,Abram,Chrystel.Abram@yopmail.com,Chrystel.Abram@gmail.com,doctor
811,Beverley,Hessler,Beverley.Hessler@yopmail.com,Beverley.Hessler@gmail.com,worker
812,Mallory,Orelee,Mallory.Orelee@yopmail.com,Mallory.Orelee@gmail.com,developer
813,Donnie,Ledah,Donnie.Ledah@yopmail.com,Donnie.Ledah@gmail.com,doctor
814,Anallese,Monaco,Anallese.Monaco@yopmail.com,Anallese.Monaco@gmail.com,developer
815,Nananne,Zachary,Nananne.Zachary@yopmail.com,Nananne.Zachary@gmail.com,firefighter
816,Althea,Pauly,Althea.Pauly@yopmail.com,Althea.Pauly@gmail.com,firefighter
817,Tersina,Jillane,Tersina.Jillane@yopmail.com,Tersina.Jillane@gmail.com,police officer
818,Adore,Warthman,Adore.Warthman@yopmail.com,Adore.Warthman@gmail.com,police officer
819,Kore,Girardo,Kore.Girardo@yopmail.com,Kore.Girardo@gmail.com,doctor
820,Clary,Martguerita,Clary.Martguerita@yopmail.com,Clary.Martguerita@gmail.com,firefighter
821,Raf,Duwalt,Raf.Duwalt@yopmail.com,Raf.Duwalt@gmail.com,developer
822,Rosanne,Aloise,Rosanne.Aloise@yopmail.com,Rosanne.Aloise@gmail.com,worker
823,Johna,Raffo,Johna.Raffo@yopmail.com,Johna.Raffo@gmail.com,firefighter
824,Annaliese,Hunfredo,Annaliese.Hunfredo@yopmail.com,Annaliese.Hunfredo@gmail.com,police officer
825,Dagmar,Kylander,Dagmar.Kylander@yopmail.com,Dagmar.Kylander@gmail.com,police officer
826,Emylee,Rhu,Emylee.Rhu@yopmail.com,Emylee.Rhu@gmail.com,police officer
827,Gianina,Raul,Gianina.Raul@yopmail.com,Gianina.Raul@gmail.com,firefighter
828,Gabi,Elo,Gabi.Elo@yopmail.com,Gabi.Elo@gmail.com,firefighter
829,Tamqrah,Joseph,Tamqrah.Joseph@yopmail.com,Tamqrah.Joseph@gmail.com,developer
830,Roxane,Saint,Roxane.Saint@yopmail.com,Roxane.Saint@gmail.com,doctor
831,Tonia,Noman,Tonia.Noman@yopmail.com,Tonia.Noman@gmail.com,police officer
832,Robbi,Knowling,Robbi.Knowling@yopmail.com,Robbi.Knowling@gmail.com,doctor
833,Aimil,Hachmin,Aimil.Hachmin@yopmail.com,Aimil.Hachmin@gmail.com,police officer
834,Rosene,Edvard,Rosene.Edvard@yopmail.com,Rosene.Edvard@gmail.com,police officer
835,Tatiania,Han,Tatiania.Han@yopmail.com,Tatiania.Han@gmail.com,firefighter
836,Courtnay,Phaidra,Courtnay.Phaidra@yopmail.com,Courtnay.Phaidra@gmail.com,doctor
837,Maud,Daegal,Maud.Daegal@yopmail.com,Maud.Daegal@gmail.com,worker
838,Lesly,Ophelia,Lesly.Ophelia@yopmail.com,Lesly.Ophelia@gmail.com,police officer
839,Chastity,Radu,Chastity.Radu@yopmail.com,Chastity.Radu@gmail.com,worker
840,Clarice,Seagraves,Clarice.Seagraves@yopmail.com,Clarice.Seagraves@gmail.com,doctor
841,Mireielle,Alexandr,Mireielle.Alexandr@yopmail.com,Mireielle.Alexandr@gmail.com,doctor
842,Andree,Donell,Andree.Donell@yopmail.com,Andree.Donell@gmail.com,developer
843,Katharina,Revkah,Katharina.Revkah@yopmail.com,Katharina.Revkah@gmail.com,firefighter
844,Doralynne,Latini,Doralynne.Latini@yopmail.com,Doralynne.Latini@gmail.com,developer
845,Mamie,Girardo,Mamie.Girardo@yopmail.com,Mamie.Girardo@gmail.com,worker
846,Lory,Blisse,Lory.Blisse@yopmail.com,Lory.Blisse@gmail.com,doctor
847,Margette,Lynn,Margette.Lynn@yopmail.com,Margette.Lynn@gmail.com,doctor
848,Flory,Malina,Flory.Malina@yopmail.com,Flory.Malina@gmail.com,worker
849,Keelia,Regan,Keelia.Regan@yopmail.com,Keelia.Regan@gmail.com,developer
850,Kaja,Eiser,Kaja.Eiser@yopmail.com,Kaja.Eiser@gmail.com,worker
851,Elora,Radu,Elora.Radu@yopmail.com,Elora.Radu@gmail.com,worker
852,Roxane,Annabella,Roxane.Annabella@yopmail.com,Roxane.Annabella@gmail.com,worker
853,Winny,Shama,Winny.Shama@yopmail.com,Winny.Shama@gmail.com,worker
854,Susette,Madelene,Susette.Madelene@yopmail.com,Susette.Madelene@gmail.com,firefighter
855,Orelia,Janene,Orelia.Janene@yopmail.com,Orelia.Janene@gmail.com,worker
856,Clary,Rosette,Clary.Rosette@yopmail.com,Clary.Rosette@gmail.com,doctor
857,Mignon,Fennessy,Mignon.Fennessy@yopmail.com,Mignon.Fennessy@gmail.com,police officer
858,Ilse,Dielu,Ilse.Dielu@yopmail.com,Ilse.Dielu@gmail.com,police officer
859,Donetta,Glenden,Donetta.Glenden@yopmail.com,Donetta.Glenden@gmail.com,doctor
860,Marylou,Allare,Marylou.Allare@yopmail.com,Marylou.Allare@gmail.com,worker
861,Brena,Tybald,Brena.Tybald@yopmail.com,Brena.Tybald@gmail.com,worker
862,Sophia,Rodmann,Sophia.Rodmann@yopmail.com,Sophia.Rodmann@gmail.com,doctor
863,Calla,Olin,Calla.Olin@yopmail.com,Calla.Olin@gmail.com,developer
864,Ekaterina,Buttaro,Ekaterina.Buttaro@yopmail.com,Ekaterina.Buttaro@gmail.com,firefighter
865,Jere,Borrell,Jere.Borrell@yopmail.com,Jere.Borrell@gmail.com,worker
866,Cacilie,Nisbet,Cacilie.Nisbet@yopmail.com,Cacilie.Nisbet@gmail.com,police officer
867,Lonnie,Flyn,Lonnie.Flyn@yopmail.com,Lonnie.Flyn@gmail.com,police officer
868,Gabriellia,Cherianne,Gabriellia.Cherianne@yopmail.com,Gabriellia.Cherianne@gmail.com,developer
869,Teriann,Maisey,Teriann.Maisey@yopmail.com,Teriann.Maisey@gmail.com,doctor
870,Barbara,Reidar,Barbara.Reidar@yopmail.com,Barbara.Reidar@gmail.com,firefighter
871,Elyssa,Jary,Elyssa.Jary@yopmail.com,Elyssa.Jary@gmail.com,worker
872,Gerianna,Camden,Gerianna.Camden@yopmail.com,Gerianna.Camden@gmail.com,worker
873,Roslyn,Si,Roslyn.Si@yopmail.com,Roslyn.Si@gmail.com,doctor
874,Emma,Pip,Emma.Pip@yopmail.com,Emma.Pip@gmail.com,police officer
875,Dawn,Smitt,Dawn.Smitt@yopmail.com,Dawn.Smitt@gmail.com,firefighter
876,Claresta,Chobot,Claresta.Chobot@yopmail.com,Claresta.Chobot@gmail.com,police officer
877,Fredericka,Malina,Fredericka.Malina@yopmail.com,Fredericka.Malina@gmail.com,worker
878,Alisha,Sophronia,Alisha.Sophronia@yopmail.com,Alisha.Sophronia@gmail.com,firefighter
879,Bobbi,Vilma,Bobbi.Vilma@yopmail.com,Bobbi.Vilma@gmail.com,doctor
880,Shel,Kathie,Shel.Kathie@yopmail.com,Shel.Kathie@gmail.com,firefighter
881,Donetta,Greenwald,Donetta.Greenwald@yopmail.com,Donetta.Greenwald@gmail.com,developer
882,Maryellen,Melleta,Maryellen.Melleta@yopmail.com,Maryellen.Melleta@gmail.com,police officer
883,Raina,Jefferey,Raina.Jefferey@yopmail.com,Raina.Jefferey@gmail.com,police officer
884,Mariele,Anton,Mariele.Anton@yopmail.com,Mariele.Anton@gmail.com,worker
885,Brana,Maiah,Brana.Maiah@yopmail.com,Brana.Maiah@gmail.com,developer
886,Kayla,Linehan,Kayla.Linehan@yopmail.com,Kayla.Linehan@gmail.com,worker
887,Fidelia,Karl,Fidelia.Karl@yopmail.com,Fidelia.Karl@gmail.com,police officer
888,Ayn,Peti,Ayn.Peti@yopmail.com,Ayn.Peti@gmail.com,firefighter
889,Danika,Koziara,Danika.Koziara@yopmail.com,Danika.Koziara@gmail.com,police officer
890,Stacey,Hubert,Stacey.Hubert@yopmail.com,Stacey.Hubert@gmail.com,doctor
891,Eve,Hedve,Eve.Hedve@yopmail.com,Eve.Hedve@gmail.com,police officer
892,Maye,Vivle,Maye.Vivle@yopmail.com,Maye.Vivle@gmail.com,police officer
893,Pamella,Zaslow,Pamella.Zaslow@yopmail.com,Pamella.Zaslow@gmail.com,doctor
894,Hyacinthe,Rustice,Hyacinthe.Rustice@yopmail.com,Hyacinthe.Rustice@gmail.com,doctor
895,Donnie,Flyn,Donnie.Flyn@yopmail.com,Donnie.Flyn@gmail.com,police officer
896,Merle,Seessel,Merle.Seessel@yopmail.com,Merle.Seessel@gmail.com,developer
897,Carol-Jean,Sinegold,Carol-Jean.Sinegold@yopmail.com,Carol-Jean.Sinegold@gmail.com,firefighter
898,Shandie,Roscoe,Shandie.Roscoe@yopmail.com,Shandie.Roscoe@gmail.com,firefighter
899,Gratia,Zaslow,Gratia.Zaslow@yopmail.com,Gratia.Zaslow@gmail.com,firefighter
900,Danika,Riva,Danika.Riva@yopmail.com,Danika.Riva@gmail.com,developer
901,Linzy,Hailee,Linzy.Hailee@yopmail.com,Linzy.Hailee@gmail.com,doctor
902,Livvyy,Calhoun,Livvyy.Calhoun@yopmail.com,Livvyy.Calhoun@gmail.com,developer
903,Clary,Gibbeon,Clary.Gibbeon@yopmail.com,Clary.Gibbeon@gmail.com,firefighter
904,Cassondra,Anastatius,Cassondra.Anastatius@yopmail.com,Cassondra.Anastatius@gmail.com,doctor
905,Britte,Philipp,Britte.Philipp@yopmail.com,Britte.Philipp@gmail.com,police officer
906,Joy,Nore,Joy.Nore@yopmail.com,Joy.Nore@gmail.com,firefighter
907,Ann-Marie,Baudin,Ann-Marie.Baudin@yopmail.com,Ann-Marie.Baudin@gmail.com,doctor
908,Gusella,Darian,Gusella.Darian@yopmail.com,Gusella.Darian@gmail.com,firefighter
909,Netty,Quent,Netty.Quent@yopmail.com,Netty.Quent@gmail.com,worker
910,Aigneis,Keily,Aigneis.Keily@yopmail.com,Aigneis.Keily@gmail.com,worker
911,Adelle,Katrine,Adelle.Katrine@yopmail.com,Adelle.Katrine@gmail.com,police officer
912,Atlanta,Pacorro,Atlanta.Pacorro@yopmail.com,Atlanta.Pacorro@gmail.com,police officer
913,Sheelagh,Zenas,Sheelagh.Zenas@yopmail.com,Sheelagh.Zenas@gmail.com,worker
914,Reeba,Rocray,Reeba.Rocray@yopmail.com,Reeba.Rocray@gmail.com,worker
915,Antonietta,Henebry,Antonietta.Henebry@yopmail.com,Antonietta.Henebry@gmail.com,worker
916,Robbi,Kendrick,Robbi.Kendrick@yopmail.com,Robbi.Kendrick@gmail.com,doctor
917,Kathy,Sheedy,Kathy.Sheedy@yopmail.com,Kathy.Sheedy@gmail.com,worker
918,Anthia,Yorick,Anthia.Yorick@yopmail.com,Anthia.Yorick@gmail.com,firefighter
919,Rosene,Abernon,Rosene.Abernon@yopmail.com,Rosene.Abernon@gmail.com,worker
920,Corly,Tiffa,Corly.Tiffa@yopmail.com,Corly.Tiffa@gmail.com,doctor
921,Marline,Desai,Marline.Desai@yopmail.com,Marline.Desai@gmail.com,firefighter
922,Mariele,Alexandr,Mariele.Alexandr@yopmail.com,Mariele.Alexandr@gmail.com,developer
923,Jolyn,Bryna,Jolyn.Bryna@yopmail.com,Jolyn.Bryna@gmail.com,developer
924,Bobbi,Zrike,Bobbi.Zrike@yopmail.com,Bobbi.Zrike@gmail.com,firefighter
925,Riannon,Thornburg,Riannon.Thornburg@yopmail.com,Riannon.Thornburg@gmail.com,firefighter
926,Merry,Phi,Merry.Phi@yopmail.com,Merry.Phi@gmail.com,doctor
927,Deedee,Alisia,Deedee.Alisia@yopmail.com,Deedee.Alisia@gmail.com,doctor
928,Courtnay,Drus,Courtnay.Drus@yopmail.com,Courtnay.Drus@gmail.com,doctor
929,Caritta,Carmena,Caritta.Carmena@yopmail.com,Caritta.Carmena@gmail.com,doctor
930,Christian,Gahl,Christian.Gahl@yopmail.com,Christian.Gahl@gmail.com,firefighter
931,Elie,Salchunas,Elie.Salchunas@yopmail.com,Elie.Salchunas@gmail.com,doctor
932,Shauna,Lea,Shauna.Lea@yopmail.com,Shauna.Lea@gmail.com,doctor
933,Gwyneth,Seagraves,Gwyneth.Seagraves@yopmail.com,Gwyneth.Seagraves@gmail.com,police officer
934,Cassandra,Ailyn,Cassandra.Ailyn@yopmail.com,Cassandra.Ailyn@gmail.com,police officer
935,Sidoney,Noam,Sidoney.Noam@yopmail.com,Sidoney.Noam@gmail.com,developer
936,Amara,Stelle,Amara.Stelle@yopmail.com,Amara.Stelle@gmail.com,developer
937,Nataline,Merna,Nataline.Merna@yopmail.com,Nataline.Merna@gmail.com,developer
938,Courtnay,Ioab,Courtnay.Ioab@yopmail.com,Courtnay.Ioab@gmail.com,firefighter
939,Sarette,Kazimir,Sarette.Kazimir@yopmail.com,Sarette.Kazimir@gmail.com,doctor
940,Janenna,Engdahl,Janenna.Engdahl@yopmail.com,Janenna.Engdahl@gmail.com,doctor
941,Berta,Gaulin,Berta.Gaulin@yopmail.com,Berta.Gaulin@gmail.com,developer
942,Hyacinthe,Demitria,Hyacinthe.Demitria@yopmail.com,Hyacinthe.Demitria@gmail.com,doctor
943,Margalo,Rebecka,Margalo.Rebecka@yopmail.com,Margalo.Rebecka@gmail.com,firefighter
944,Helsa,Brodench,Helsa.Brodench@yopmail.com,Helsa.Brodench@gmail.com,developer
945,Gaylene,Maroney,Gaylene.Maroney@yopmail.com,Gaylene.Maroney@gmail.com,worker
946,Kelly,Toffic,Kelly.Toffic@yopmail.com,Kelly.Toffic@gmail.com,doctor
947,Johna,Sancho,Johna.Sancho@yopmail.com,Johna.Sancho@gmail.com,doctor
948,Susan,Fitzsimmons,Susan.Fitzsimmons@yopmail.com,Susan.Fitzsimmons@gmail.com,worker
949,Dulcinea,Arquit,Dulcinea.Arquit@yopmail.com,Dulcinea.Arquit@gmail.com,police officer
950,Lyssa,Delacourt,Lyssa.Delacourt@yopmail.com,Lyssa.Delacourt@gmail.com,worker
951,Concettina,Deny,Concettina.Deny@yopmail.com,Concettina.Deny@gmail.com,developer
952,Emma,Himelman,Emma.Himelman@yopmail.com,Emma.Himelman@gmail.com,firefighter
953,Gianina,Vacuva,Gianina.Vacuva@yopmail.com,Gianina.Vacuva@gmail.com,police officer
954,Raf,Docilla,Raf.Docilla@yopmail.com,Raf.Docilla@gmail.com,doctor
955,Agnese,Swigart,Agnese.Swigart@yopmail.com,Agnese.Swigart@gmail.com,police officer
956,Mahalia,Karylin,Mahalia.Karylin@yopmail.com,Mahalia.Karylin@gmail.com,firefighter
957,Alia,McCutcheon,Alia.McCutcheon@yopmail.com,Alia.McCutcheon@gmail.com,firefighter
958,Jaclyn,Revkah,Jaclyn.Revkah@yopmail.com,Jaclyn.Revkah@gmail.com,worker
959,Asia,Baudin,Asia.Baudin@yopmail.com,Asia.Baudin@gmail.com,firefighter
960,Helsa,Letsou,Helsa.Letsou@yopmail.com,Helsa.Letsou@gmail.com,worker
961,Fanny,Bergman,Fanny.Bergman@yopmail.com,Fanny.Bergman@gmail.com,developer
962,Tina,Orpah,Tina.Orpah@yopmail.com,Tina.Orpah@gmail.com,worker
963,Mureil,Nelsen,Mureil.Nelsen@yopmail.com,Mureil.Nelsen@gmail.com,developer
964,Linet,Bearnard,Linet.Bearnard@yopmail.com,Linet.Bearnard@gmail.com,police officer
965,Codie,Weaks,Codie.Weaks@yopmail.com,Codie.Weaks@gmail.com,worker
966,Marika,Iphlgenia,Marika.Iphlgenia@yopmail.com,Marika.Iphlgenia@gmail.com,worker
967,Shauna,Brenn,Shauna.Brenn@yopmail.com,Shauna.Brenn@gmail.com,worker
968,Carmela,Baptlsta,Carmela.Baptlsta@yopmail.com,Carmela.Baptlsta@gmail.com,doctor
969,Ginnie,Izaak,Ginnie.Izaak@yopmail.com,Ginnie.Izaak@gmail.com,firefighter
970,Jerry,Helve,Jerry.Helve@yopmail.com,Jerry.Helve@gmail.com,worker
971,Genevra,Darrell,Genevra.Darrell@yopmail.com,Genevra.Darrell@gmail.com,police officer
972,Dianemarie,Thilda,Dianemarie.Thilda@yopmail.com,Dianemarie.Thilda@gmail.com,police officer
973,Cam,Truc,Cam.Truc@yopmail.com,Cam.Truc@gmail.com,developer
974,Nerta,Junie,Nerta.Junie@yopmail.com,Nerta.Junie@gmail.com,police officer
975,Ivett,Niccolo,Ivett.Niccolo@yopmail.com,Ivett.Niccolo@gmail.com,developer
976,Tori,Wesle,Tori.Wesle@yopmail.com,Tori.Wesle@gmail.com,worker
977,Alexine,Maisey,Alexine.Maisey@yopmail.com,Alexine.Maisey@gmail.com,firefighter
978,Chere,Tyson,Chere.Tyson@yopmail.com,Chere.Tyson@gmail.com,doctor
979,Trudie,Granoff,Trudie.Granoff@yopmail.com,Trudie.Granoff@gmail.com,police officer
980,Cam,Niles,Cam.Niles@yopmail.com,Cam.Niles@gmail.com,firefighter
981,Corry,Baudin,Corry.Baudin@yopmail.com,Corry.Baudin@gmail.com,doctor
982,Beth,Tryck,Beth.Tryck@yopmail.com,Beth.Tryck@gmail.com,firefighter
983,Fanchon,Creamer,Fanchon.Creamer@yopmail.com,Fanchon.Creamer@gmail.com,firefighter
984,Ethel,Ranjiv,Ethel.Ranjiv@yopmail.com,Ethel.Ranjiv@gmail.com,developer
985,Deedee,Paine,Deedee.Paine@yopmail.com,Deedee.Paine@gmail.com,worker
986,Sallie,Chandler,Sallie.Chandler@yopmail.com,Sallie.Chandler@gmail.com,police officer
987,Xylina,McCutcheon,Xylina.McCutcheon@yopmail.com,Xylina.McCutcheon@gmail.com,doctor
988,Kirbee,Danby,Kirbee.Danby@yopmail.com,Kirbee.Danby@gmail.com,developer
989,Shel,Malvino,Shel.Malvino@yopmail.com,Shel.Malvino@gmail.com,developer
990,Tamqrah,Pettiford,Tamqrah.Pettiford@yopmail.com,Tamqrah.Pettiford@gmail.com,firefighter
991,Dale,Wiener,Dale.Wiener@yopmail.com,Dale.Wiener@gmail.com,police officer
992,Dotty,Voletta,Dotty.Voletta@yopmail.com,Dotty.Voletta@gmail.com,police officer
993,Letizia,McClimans,Letizia.McClimans@yopmail.com,Letizia.McClimans@gmail.com,worker
994,Mara,Zeeba,Mara.Zeeba@yopmail.com,Mara.Zeeba@gmail.com,developer
995,Charissa,Eliathas,Charissa.Eliathas@yopmail.com,Charissa.Eliathas@gmail.com,developer
996,Chrystel,Iaverne,Chrystel.Iaverne@yopmail.com,Chrystel.Iaverne@gmail.com,doctor
997,Livvyy,Pitt,Livvyy.Pitt@yopmail.com,Livvyy.Pitt@gmail.com,police officer
998,Dale,Longfellow,Dale.Longfellow@yopmail.com,Dale.Longfellow@gmail.com,developer
999,Alameda,Virgin,Alameda.Virgin@yopmail.com,Alameda.Virgin@gmail.com,developer
1000,Gianina,Means,Gianina.Means@yopmail.com,Gianina.Means@gmail.com,doctor
1001,Carlie,Vivle,Carlie.Vivle@yopmail.com,Carlie.Vivle@gmail.com,firefighter
1002,Edyth,Hylan,Edyth.Hylan@yopmail.com,Edyth.Hylan@gmail.com,police officer
1003,Allyce,Cristi,Allyce.Cristi@yopmail.com,Allyce.Cristi@gmail.com,doctor
1004,Stevana,Olnee,Stevana.Olnee@yopmail.com,Stevana.Olnee@gmail.com,firefighter
1005,Sherrie,Juliet,Sherrie.Juliet@yopmail.com,Sherrie.Juliet@gmail.com,firefighter
1006,Renie,Edee,Renie.Edee@yopmail.com,Renie.Edee@gmail.com,developer
1007,Selia,Dom,Selia.Dom@yopmail.com,Selia.Dom@gmail.com,worker
1008,Leeanne,Wolfgram,Leeanne.Wolfgram@yopmail.com,Leeanne.Wolfgram@gmail.com,doctor
1009,Kara-Lynn,Dichy,Kara-Lynn.Dichy@yopmail.com,Kara-Lynn.Dichy@gmail.com,worker
1010,Taffy,Barney,Taffy.Barney@yopmail.com,Taffy.Barney@gmail.com,police officer
1011,Blondelle,Mehalek,Blondelle.Mehalek@yopmail.com,Blondelle.Mehalek@gmail.com,police officer
1012,Siana,Love,Siana.Love@yopmail.com,Siana.Love@gmail.com,police officer
1013,Gwyneth,Hessler,Gwyneth.Hessler@yopmail.com,Gwyneth.Hessler@gmail.com,developer
1014,Alia,Terencio,Alia.Terencio@yopmail.com,Alia.Terencio@gmail.com,police officer
1015,Aaren,Sasnett,Aaren.Sasnett@yopmail.com,Aaren.Sasnett@gmail.com,worker
1016,Magdalena,Wenoa,Magdalena.Wenoa@yopmail.com,Magdalena.Wenoa@gmail.com,doctor
1017,Philis,Bohlin,Philis.Bohlin@yopmail.com,Philis.Bohlin@gmail.com,firefighter
1018,Frieda,Malanie,Frieda.Malanie@yopmail.com,Frieda.Malanie@gmail.com,doctor
1019,Anica,Yusuk,Anica.Yusuk@yopmail.com,Anica.Yusuk@gmail.com,developer
1020,Lolita,Allina,Lolita.Allina@yopmail.com,Lolita.Allina@gmail.com,firefighter
1021,Tina,Weinreb,Tina.Weinreb@yopmail.com,Tina.Weinreb@gmail.com,firefighter
1022,Justinn,Dorcy,Justinn.Dorcy@yopmail.com,Justinn.Dorcy@gmail.com,doctor
1023,Tracey,Cyrie,Tracey.Cyrie@yopmail.com,Tracey.Cyrie@gmail.com,firefighter
1024,Carolina,Publia,Carolina.Publia@yopmail.com,Carolina.Publia@gmail.com,police officer
1025,Marinna,Dituri,Marinna.Dituri@yopmail.com,Marinna.Dituri@gmail.com,firefighter
1026,Marti,Payson,Marti.Payson@yopmail.com,Marti.Payson@gmail.com,firefighter
1027,Arabel,Rona,Arabel.Rona@yopmail.com,Arabel.Rona@gmail.com,doctor
1028,Blinni,Gregrory,Blinni.Gregrory@yopmail.com,Blinni.Gregrory@gmail.com,developer
1029,Theodora,Rosalba,Theodora.Rosalba@yopmail.com,Theodora.Rosalba@gmail.com,worker
1030,Madeleine,Velick,Madeleine.Velick@yopmail.com,Madeleine.Velick@gmail.com,firefighter
1031,Shell,Kinnard,Shell.Kinnard@yopmail.com,Shell.Kinnard@gmail.com,worker
1032,Chickie,Xerxes,Chickie.Xerxes@yopmail.com,Chickie.Xerxes@gmail.com,worker
1033,Cecile,Septima,Cecile.Septima@yopmail.com,Cecile.Septima@gmail.com,doctor
1034,Jillayne,Bates,Jillayne.Bates@yopmail.com,Jillayne.Bates@gmail.com,developer
1035,Sam,Buttaro,Sam.Buttaro@yopmail.com,Sam.Buttaro@gmail.com,doctor
1036,Ardeen,Dimitris,Ardeen.Dimitris@yopmail.com,Ardeen.Dimitris@gmail.com,firefighter
1037,Kristina,Kolnick,Kristina.Kolnick@yopmail.com,Kristina.Kolnick@gmail.com,worker
1038,Heida,Gualtiero,Heida.Gualtiero@yopmail.com,Heida.Gualtiero@gmail.com,developer
1039,Angelique,Terrence,Angelique.Terrence@yopmail.com,Angelique.Terrence@gmail.com,firefighter
1040,Rozele,Mehalek,Rozele.Mehalek@yopmail.com,Rozele.Mehalek@gmail.com,doctor
1041,Orsola,Parsaye,Orsola.Parsaye@yopmail.com,Orsola.Parsaye@gmail.com,doctor
1042,Elka,Kosey,Elka.Kosey@yopmail.com,Elka.Kosey@gmail.com,worker
1043,Anallese,Caitlin,Anallese.Caitlin@yopmail.com,Anallese.Caitlin@gmail.com,police officer
1044,Shel,Lamoree,Shel.Lamoree@yopmail.com,Shel.Lamoree@gmail.com,firefighter
1045,Carol-Jean,Shanley,Carol-Jean.Shanley@yopmail.com,Carol-Jean.Shanley@gmail.com,firefighter
1046,Stephanie,Posner,Stephanie.Posner@yopmail.com,Stephanie.Posner@gmail.com,firefighter
1047,Hildegaard,Rubie,Hildegaard.Rubie@yopmail.com,Hildegaard.Rubie@gmail.com,police officer
1048,Caryl,Charity,Caryl.Charity@yopmail.com,Caryl.Charity@gmail.com,developer
1049,Ruthe,Masao,Ruthe.Masao@yopmail.com,Ruthe.Masao@gmail.com,worker
1050,Flory,Selway,Flory.Selway@yopmail.com,Flory.Selway@gmail.com,developer
1051,Albertina,Ackerley,Albertina.Ackerley@yopmail.com,Albertina.Ackerley@gmail.com,doctor
1052,Alyda,Burch,Alyda.Burch@yopmail.com,Alyda.Burch@gmail.com,developer
1053,Madeleine,Cosenza,Madeleine.Cosenza@yopmail.com,Madeleine.Cosenza@gmail.com,police officer
1054,Glynnis,Joli,Glynnis.Joli@yopmail.com,Glynnis.Joli@gmail.com,developer
1055,Oralee,Blisse,Oralee.Blisse@yopmail.com,Oralee.Blisse@gmail.com,firefighter
1056,Ethel,Adamsen,Ethel.Adamsen@yopmail.com,Ethel.Adamsen@gmail.com,firefighter
1057,Lulita,Jefferey,Lulita.Jefferey@yopmail.com,Lulita.Jefferey@gmail.com,police officer
1058,Cyb,Deegan,Cyb.Deegan@yopmail.com,Cyb.Deegan@gmail.com,police officer
1059,Randa,Clara,Randa.Clara@yopmail.com,Randa.Clara@gmail.com,doctor
1060,Latisha,Raama,Latisha.Raama@yopmail.com,Latisha.Raama@gmail.com,doctor
1061,Doro,Gilmour,Doro.Gilmour@yopmail.com,Doro.Gilmour@gmail.com,doctor
1062,Tami,Bendick,Tami.Bendick@yopmail.com,Tami.Bendick@gmail.com,worker
1063,Gilligan,Bethany,Gilligan.Bethany@yopmail.com,Gilligan.Bethany@gmail.com,developer
1064,Jackie,Sherfield,Jackie.Sherfield@yopmail.com,Jackie.Sherfield@gmail.com,doctor
1065,Genovera,Caitlin,Genovera.Caitlin@yopmail.com,Genovera.Caitlin@gmail.com,firefighter
1066,Amelia,Emerson,Amelia.Emerson@yopmail.com,Amelia.Emerson@gmail.com,police officer
1067,Amalie,Rheingold,Amalie.Rheingold@yopmail.com,Amalie.Rheingold@gmail.com,firefighter
1068,Basia,Ashok,Basia.Ashok@yopmail.com,Basia.Ashok@gmail.com,developer
1069,Mariele,Bennie,Mariele.Bennie@yopmail.com,Mariele.Bennie@gmail.com,doctor
1070,Lizzie,Raul,Lizzie.Raul@yopmail.com,Lizzie.Raul@gmail.com,police officer
1071,Romona,Eugenia,Romona.Eugenia@yopmail.com,Romona.Eugenia@gmail.com,developer
1072,Morganica,Fabiola,Morganica.Fabiola@yopmail.com,Morganica.Fabiola@gmail.com,police officer
1073,Goldie,Uund,Goldie.Uund@yopmail.com,Goldie.Uund@gmail.com,developer
1074,Marcelline,Sparhawk,Marcelline.Sparhawk@yopmail.com,Marcelline.Sparhawk@gmail.com,developer
1075,Ileana,Thunell,Ileana.Thunell@yopmail.com,Ileana.Thunell@gmail.com,developer
1076,Gerrie,Gualtiero,Gerrie.Gualtiero@yopmail.com,Gerrie.Gualtiero@gmail.com,police officer
1077,Susette,Lowry,Susette.Lowry@yopmail.com,Susette.Lowry@gmail.com,firefighter
1078,Morganica,Meter,Morganica.Meter@yopmail.com,Morganica.Meter@gmail.com,police officer
1079,Hermione,Reinke,Hermione.Reinke@yopmail.com,Hermione.Reinke@gmail.com,doctor
1080,Max,Dyche,Max.Dyche@yopmail.com,Max.Dyche@gmail.com,doctor
1081,Suzette,Eckblad,Suzette.Eckblad@yopmail.com,Suzette.Eckblad@gmail.com,developer
1082,Maurene,Waldron,Maurene.Waldron@yopmail.com,Maurene.Waldron@gmail.com,police officer
1083,Heida,Olnee,Heida.Olnee@yopmail.com,Heida.Olnee@gmail.com,worker
1084,Meghann,Daveta,Meghann.Daveta@yopmail.com,Meghann.Daveta@gmail.com,worker
1085,Darci,Loleta,Darci.Loleta@yopmail.com,Darci.Loleta@gmail.com,worker
1086,Dolli,Dermott,Dolli.Dermott@yopmail.com,Dolli.Dermott@gmail.com,police officer
1087,Cassondra,Guildroy,Cassondra.Guildroy@yopmail.com,Cassondra.Guildroy@gmail.com,developer
1088,Dennie,Wenda,Dennie.Wenda@yopmail.com,Dennie.Wenda@gmail.com,firefighter
1089,Sissy,Lewes,Sissy.Lewes@yopmail.com,Sissy.Lewes@gmail.com,firefighter
1090,Daune,Seumas,Daune.Seumas@yopmail.com,Daune.Seumas@gmail.com,firefighter
1091,Melodie,Bergman,Melodie.Bergman@yopmail.com,Melodie.Bergman@gmail.com,police officer
1092,Elise,Dahlia,Elise.Dahlia@yopmail.com,Elise.Dahlia@gmail.com,doctor
1093,Lila,Bevin,Lila.Bevin@yopmail.com,Lila.Bevin@gmail.com,police officer
1094,Stephanie,Kare,Stephanie.Kare@yopmail.com,Stephanie.Kare@gmail.com,police officer
1095,Nessie,Sheedy,Nessie.Sheedy@yopmail.com,Nessie.Sheedy@gmail.com,developer
1096,Willetta,Barrus,Willetta.Barrus@yopmail.com,Willetta.Barrus@gmail.com,police officer
1097,Donetta,Durante,Donetta.Durante@yopmail.com,Donetta.Durante@gmail.com,doctor
1098,Quintina,Bettine,Quintina.Bettine@yopmail.com,Quintina.Bettine@gmail.com,police officer
1099,Nanete,Margret,Nanete.Margret@yopmail.com,Nanete.Margret@gmail.com,worker
